,CustomerID,Gender,Age,AnnualIncome,SpendingScore,Profession,WorkExperience,FamilySize
0,1,Male,19,15000.0,39.0,Healthcare,1,4
1,2,Male,21,35000.0,81.0,Engineer,3,3
2,3,Female,20,86000.0,6.0,Engineer,1,1
3,4,Female,23,59000.0,77.0,Lawyer,0,2
4,5,Female,31,38000.0,40.0,Entertainment,2,6
5,6,Female,22,58000.0,76.0,Artist,0,2
6,7,Female,35,31000.0,6.0,Healthcare,1,3
7,8,Female,23,84000.0,94.0,Healthcare,1,3
8,9,Male,64,97000.0,3.0,Engineer,0,3
9,10,Female,30,98000.0,72.0,Artist,1,4
10,11,Male,67,7000.0,14.0,Engineer,1,3
11,12,Female,35,93000.0,99.0,Healthcare,4,4
12,13,Female,58,80000.0,15.0,Executive,0,5
13,14,Female,24,91000.0,77.0,Lawyer,1,1
14,15,Male,37,19000.0,13.0,Doctor,0,1
15,16,Male,22,51000.0,79.0,Healthcare,1,2
16,17,Female,35,29000.0,35.0,Homemaker,9,5
17,18,Male,20,89000.0,66.0,Healthcare,1,6
18,19,Male,52,20000.0,29.0,Entertainment,1,4
19,20,Female,35,62000.0,98.0,Artist,0,1
20,21,Male,35,96000.0,35.0,Homemaker,12,1
21,22,Male,25,4000.0,73.0,Healthcare,3,4
22,23,Female,46,42000.0,5.0,Artist,13,2
23,24,Male,31,71000.0,73.0,Artist,5,2
24,25,Female,54,67000.0,14.0,Executive,1,3
25,26,Male,29,52000.0,82.0,Artist,1,3
26,27,Female,45,68000.0,32.0,Healthcare,9,8
27,28,Male,35,78000.0,61.0,Artist,1,3
28,29,Female,40,18000.0,31.0,Artist,0,1
29,30,Female,23,20000.0,87.0,Artist,5,4
30,31,Male,60,39000.0,4.0,Artist,0,3
31,32,Female,21,34000.0,73.0,Doctor,1,2
32,33,Male,53,59000.0,4.0,Healthcare,1,3
33,34,Male,18,62000.0,92.0,Homemaker,9,7
34,35,Female,49,91000.0,14.0,Lawyer,1,2
35,36,Female,21,95000.0,81.0,Healthcare,3,4
36,37,Female,42,14000.0,17.0,Doctor,5,1
37,38,Female,30,62000.0,73.0,Healthcare,1,5
38,39,Female,36,9000.0,26.0,Artist,8,2
39,40,Female,20,69000.0,75.0,Artist,8,2
40,41,Female,65,25000.0,35.0,Artist,4,1
41,42,Male,24,85000.0,92.0,Healthcare,0,2
42,43,Male,48,22000.0,36.0,Artist,14,3
43,44,Female,31,33000.0,61.0,Artist,1,2
44,45,Female,49,72000.0,28.0,Engineer,8,1
45,46,Female,24,3000.0,65.0,Lawyer,4,2
46,47,Female,50,52000.0,55.0,Artist,0,4
47,48,Female,27,71000.0,47.0,Healthcare,12,1
48,49,Female,29,78000.0,42.0,Healthcare,0,4
49,50,Female,31,25000.0,42.0,Engineer,1,1
50,51,Female,49,88000.0,52.0,Artist,1,2
51,52,Male,33,97000.0,60.0,Artist,1,2
52,53,Female,31,74000.0,54.0,Artist,1,1
53,54,Male,59,68000.0,60.0,Entertainment,0,2
54,55,Female,50,18000.0,45.0,Marketing,1,1
55,56,Male,47,95000.0,41.0,Artist,14,2
56,57,Female,51,71000.0,50.0,Healthcare,9,4
57,58,Male,69,8000.0,46.0,Doctor,8,2
58,59,Female,27,57000.0,51.0,Artist,1,3
59,60,Male,53,89000.0,46.0,Lawyer,1,6
60,61,Male,70,84000.0,56.0,Artist,0,2
61,62,Male,19,50000.0,55.0,Artist,9,2
62,63,Female,67,50000.0,52.0,Lawyer,0,3
63,64,Female,54,48000.0,59.0,Lawyer,1,2
64,65,Male,63,63000.0,51.0,Lawyer,7,2
65,66,Male,18,9000.0,59.0,Entertainment,0,2
66,67,Female,43,3000.0,50.0,Doctor,0,2
67,68,Female,68,82000.0,48.0,Artist,8,4
68,69,Male,19,81000.0,59.0,Artist,0,4
69,70,Female,32,97000.0,47.0,Homemaker,2,2
70,71,Male,70,91000.0,55.0,Healthcare,8,2
71,72,Female,47,9000.0,42.0,Entertainment,8,2
72,73,Female,60,44000.0,49.0,Artist,0,5
73,74,Female,60,10000.0,56.0,Healthcare,8,4
74,75,Male,59,89000.0,47.0,Artist,0,4
75,76,Male,26,49000.0,54.0,Homemaker,0,3
76,77,Female,45,67000.0,53.0,Doctor,0,2
77,78,Male,40,99000.0,48.0,Artist,4,3
78,79,Female,23,97000.0,52.0,Engineer,2,2
79,80,Female,49,98000.0,42.0,,1,1
80,81,Male,57,52000.0,51.0,Healthcare,0,4
81,82,Male,38,61000.0,55.0,Healthcare,6,3
82,83,Male,67,120000.0,41.0,Artist,8,1
83,84,Female,46,34000.0,44.0,Entertainment,8,4
84,85,Female,21,24000.0,57.0,Marketing,1,3
85,86,Male,48,31000.0,46.0,Healthcare,7,5
86,87,Female,55,11000.0,58.0,Artist,0,3
87,88,Female,22,55000.0,55.0,Artist,5,2
88,89,Female,34,76000.0,60.0,Entertainment,7,3
89,90,Female,50,56000.0,46.0,Doctor,0,2
90,91,Female,68,46000.0,55.0,Entertainment,0,3
91,92,Male,18,36000.0,41.0,Artist,1,4
92,93,Male,48,88000.0,49.0,Artist,1,2
93,94,Female,40,31000.0,40.0,Entertainment,1,2
94,95,Female,32,24000.0,42.0,Artist,0,1
95,96,Male,24,80000.0,52.0,Artist,10,1
96,97,Female,47,2000.0,47.0,Artist,0,1
97,98,Female,27,67000.0,50.0,Artist,0,2
98,99,Male,48,58000.0,42.0,Doctor,1,2
99,100,Male,20,80000.0,49.0,Engineer,3,3
100,101,Female,23,65000.0,41.0,Artist,0,4
101,102,Female,49,4000.0,48.0,Executive,1,7
102,103,Male,67,98000.0,59.0,Artist,0,3
103,104,Male,26,52000.0,55.0,Executive,0,5
104,105,Male,49,86000.0,56.0,Healthcare,10,2
105,106,Female,21,82000.0,42.0,Doctor,1,2
106,107,Female,66,43000.0,50.0,Homemaker,3,2
107,108,Male,54,78000.0,46.0,Lawyer,1,1
108,109,Male,68,13000.0,43.0,Healthcare,6,5
109,110,Male,66,13000.0,48.0,Healthcare,9,3
110,111,Male,65,34000.0,52.0,Entertainment,4,4
111,112,Female,19,25000.0,54.0,Artist,0,1
112,113,Female,38,71000.0,42.0,Doctor,1,5
113,114,Male,19,2000.0,46.0,Artist,1,1
114,115,Female,18,97000.0,48.0,Executive,0,3
115,116,Female,19,51000.0,50.0,Executive,8,4
116,117,Female,63,9000.0,43.0,Lawyer,1,1
117,118,Female,49,79000.0,59.0,Artist,0,2
118,119,Female,51,84000.0,43.0,,2,7
119,120,Female,50,87000.0,57.0,Artist,1,2
120,121,Male,27,36000.0,56.0,Executive,0,3
121,122,Female,38,50000.0,40.0,Executive,1,4
122,123,Female,40,97000.0,58.0,Engineer,9,4
123,124,Male,39,6000.0,91.0,Healthcare,1,3
124,125,Female,23,12000.0,29.0,Entertainment,9,2
125,126,Female,31,46000.0,77.0,Marketing,1,2
126,127,Male,43,89000.0,35.0,Engineer,0,7
127,128,Male,40,4000.0,95.0,Artist,0,2
128,129,Male,59,38000.0,11.0,Engineer,0,2
129,130,Male,38,64000.0,75.0,Entertainment,8,5
130,131,Male,47,66000.0,9.0,Executive,9,5
131,132,Male,39,26000.0,75.0,Lawyer,0,2
132,133,Female,25,41000.0,34.0,Healthcare,6,4
133,134,Female,31,45000.0,71.0,Artist,5,1
134,135,Male,20,89000.0,5.0,Engineer,1,2
135,136,Female,29,92000.0,88.0,Executive,5,5
136,137,Female,44,76000.0,7.0,Artist,5,2
137,138,Male,32,85000.0,73.0,Artist,3,4
138,139,Male,19,22000.0,10.0,Marketing,8,4
139,140,Female,35,15000.0,72.0,Artist,4,4
140,141,Female,57,32000.0,5.0,Engineer,0,2
141,142,Male,32,66000.0,93.0,Artist,0,5
142,143,Female,28,62000.0,40.0,Doctor,5,3
143,144,Female,32,85000.0,87.0,Lawyer,1,2
144,145,Male,25,71000.0,12.0,Engineer,0,5
145,146,Male,28,26000.0,97.0,Marketing,8,5
146,147,Male,48,52000.0,36.0,Engineer,9,2
147,148,Female,32,38000.0,74.0,Lawyer,1,1
148,149,Female,34,51000.0,22.0,Healthcare,7,4
149,150,Male,34,90000.0,90.0,Artist,6,3
150,151,Male,43,30000.0,17.0,Lawyer,0,9
151,152,Male,39,41000.0,88.0,Engineer,0,1
152,153,Female,44,17000.0,20.0,Engineer,0,2
153,154,Female,38,92000.0,76.0,Artist,2,2
154,155,Female,47,80000.0,16.0,Healthcare,0,4
155,156,Female,27,10000.0,89.0,Marketing,8,4
156,157,Male,37,16000.0,1.0,Executive,1,1
157,158,Female,30,87000.0,78.0,Artist,3,4
158,159,Male,34,66000.0,1.0,Lawyer,1,2
159,160,Female,30,86000.0,73.0,Artist,3,3
160,161,Female,56,9000.0,35.0,Artist,1,1
161,162,Female,29,50000.0,83.0,Healthcare,1,5
162,163,Male,19,35000.0,5.0,Executive,0,5
163,164,Female,31,58000.0,93.0,Healthcare,1,5
164,165,Male,50,47000.0,26.0,Doctor,0,2
165,166,Female,36,54000.0,75.0,Artist,5,3
166,167,Male,42,79000.0,20.0,Homemaker,9,3
167,168,Female,33,83000.0,95.0,Artist,0,5
168,169,Female,36,57000.0,27.0,Artist,0,3
169,170,Male,32,0.0,63.0,Artist,2,2
170,171,Male,40,69000.0,13.0,Artist,3,5
171,172,Male,28,4000.0,75.0,Executive,0,2
172,173,Male,36,79000.0,10.0,Lawyer,0,2
173,174,Male,36,99000.0,92.0,Artist,5,2
174,175,Female,52,20000.0,13.0,Lawyer,0,2
175,176,Female,30,28000.0,86.0,Artist,3,4
176,177,Male,58,29000.0,15.0,Engineer,11,1
177,178,Male,27,45000.0,69.0,Healthcare,2,6
178,179,Male,59,86000.0,14.0,Healthcare,4,3
179,180,Male,35,42000.0,90.0,Engineer,8,1
180,181,Female,37,59000.0,32.0,Artist,7,2
181,182,Female,32,61000.0,86.0,Entertainment,7,5
182,183,Male,46,11000.0,15.0,Artist,7,1
183,184,Female,29,66000.0,88.0,Artist,4,4
184,185,Female,41,39000.0,39.0,Artist,1,1
185,186,Male,30,72000.0,97.0,Artist,6,2
186,187,Female,54,14000.0,24.0,Lawyer,1,2
187,188,Male,28,44000.0,68.0,Doctor,5,3
188,189,Female,41,76000.0,17.0,Engineer,8,2
189,190,Female,36,95000.0,85.0,Artist,4,2
190,191,Female,34,92000.0,23.0,Artist,5,3
191,192,Female,32,98000.0,69.0,Artist,8,2
192,193,Male,33,96000.0,8.0,Executive,9,2
193,194,Female,38,45000.0,91.0,Artist,10,4
194,195,Female,47,8000.0,16.0,Artist,7,2
195,196,Female,35,46000.0,79.0,Executive,1,3
196,197,Female,45,78000.0,28.0,Artist,0,2
197,198,Male,32,4000.0,74.0,Artist,1,5
198,199,Male,32,81000.0,18.0,Executive,1,2
199,200,Male,30,33000.0,83.0,Artist,4,2
200,201,Female,21,40000.0,10.0,Healthcare,0,3
201,202,Male,34,85000.0,16.0,Healthcare,9,3
202,203,Female,16,60000.0,0.0,Engineer,6,8
203,204,Female,76,60000.0,39.0,Healthcare,4,2
204,205,Female,62,63000.0,59.0,Entertainment,0,2
205,206,Female,63,10000.0,52.0,Healthcare,8,3
206,207,Female,19,55000.0,61.0,Healthcare,0,3
207,208,Male,46,93000.0,12.0,Artist,2,1
208,209,Female,48,15000.0,7.0,Doctor,0,2
209,210,Female,80,39000.0,33.0,Engineer,9,4
210,211,Female,1,57000.0,93.0,Engineer,1,2
211,212,Female,0,22000.0,92.0,Artist,2,1
212,213,Male,86,12000.0,70.0,Marketing,2,4
213,214,Male,49,50000.0,82.0,Lawyer,8,1
214,215,Male,48,95000.0,68.0,Doctor,2,4
215,216,Female,46,66000.0,70.0,Healthcare,3,3
216,217,Male,79,20000.0,40.0,Doctor,6,2
217,218,Female,83,35000.0,99.0,Doctor,8,2
218,219,Female,66,71000.0,34.0,Executive,9,2
219,220,Female,59,76000.0,61.0,,9,1
220,221,Female,39,84000.0,33.0,Artist,5,3
221,222,Female,95,72000.0,51.0,Engineer,4,2
222,223,Male,43,33000.0,55.0,Artist,4,3
223,224,Female,93,93000.0,37.0,Healthcare,1,5
224,225,Female,40,83000.0,48.0,Homemaker,4,1
225,226,Female,78,23000.0,8.0,Engineer,1,1
226,227,Female,25,40000.0,77.0,Artist,5,4
227,228,Male,76,89000.0,86.0,Healthcare,9,4
228,229,Male,0,33000.0,64.0,Marketing,1,1
229,230,Male,15,94000.0,30.0,Healthcare,7,2
230,231,Female,6,93000.0,53.0,Lawyer,8,2
231,232,Male,84,7000.0,28.0,Healthcare,0,4
232,233,Female,67,18000.0,88.0,Lawyer,0,2
233,234,Female,78,3000.0,14.0,Healthcare,0,4
234,235,Female,4,84000.0,54.0,Artist,9,1
235,236,Female,29,62000.0,34.0,Healthcare,0,4
236,237,Male,91,9000.0,96.0,Healthcare,1,5
237,238,Male,95,36000.0,35.0,,0,4
238,239,Male,55,37000.0,74.0,Lawyer,1,4
239,240,Female,14,50000.0,11.0,Artist,1,2
240,241,Male,92,83000.0,16.0,Executive,1,5
241,242,Female,65,79000.0,17.0,Artist,0,3
242,243,Female,84,40000.0,14.0,Healthcare,1,4
243,244,Female,77,47000.0,58.0,Artist,0,6
244,245,Female,53,4000.0,20.0,Artist,0,4
245,246,Female,28,38000.0,75.0,Entertainment,7,2
246,247,Male,23,0.0,96.0,Doctor,1,3
247,248,Female,32,7000.0,16.0,Artist,1,2
248,249,Female,37,41000.0,2.0,Artist,1,2
249,250,Female,89,65000.0,0.0,Engineer,0,5
250,251,Male,80,20000.0,93.0,Engineer,1,3
251,252,Female,27,44000.0,65.0,Doctor,8,1
252,253,Female,78,3000.0,14.0,Artist,5,4
253,254,Female,86,72000.0,13.0,Lawyer,7,3
254,255,Female,46,27000.0,32.0,Engineer,4,4
255,256,Male,59,85000.0,49.0,Lawyer,4,2
256,257,Male,12,38000.0,18.0,Executive,10,1
257,258,Male,79,73000.0,96.0,Homemaker,6,7
258,259,Female,79,64000.0,64.0,Artist,2,3
259,260,Male,26,26000.0,60.0,Executive,6,4
260,261,Female,63,47000.0,16.0,Artist,2,3
261,262,Female,52,35000.0,85.0,Doctor,2,6
262,263,Female,32,31000.0,24.0,Lawyer,2,3
263,264,Female,64,13000.0,38.0,Engineer,3,4
264,265,Female,37,79000.0,10.0,Homemaker,1,7
265,266,Male,7,82000.0,39.0,Entertainment,2,2
266,267,Female,40,28000.0,68.0,Artist,1,1
267,268,Female,78,36000.0,79.0,Artist,0,3
268,269,Female,34,8000.0,76.0,Entertainment,6,6
269,270,Female,52,88000.0,39.0,Artist,1,2
270,271,Male,94,91000.0,36.0,Entertainment,0,4
271,272,Female,1,12000.0,82.0,Doctor,0,3
272,273,Female,96,1000.0,76.0,Entertainment,0,3
273,274,Female,18,143000.0,99.0,Artist,0,2
274,275,Female,37,18000.0,57.0,Artist,1,2
275,276,Male,78,65000.0,89.0,Lawyer,1,2
276,277,Male,16,9000.0,88.0,Executive,7,4
277,278,Male,93,95000.0,21.0,Artist,1,1
278,279,Female,74,78000.0,12.0,Engineer,9,3
279,280,Male,68,48000.0,73.0,Healthcare,3,3
280,281,Female,32,63000.0,87.0,Executive,1,4
281,282,Female,43,85000.0,63.0,Marketing,1,2
282,283,Female,52,43000.0,58.0,Artist,1,3
283,284,Female,63,74000.0,20.0,Artist,1,2
284,285,Female,33,67000.0,11.0,Healthcare,0,1
285,286,Male,86,59000.0,40.0,Artist,0,1
286,287,Female,85,140000.0,84.0,Entertainment,1,1
287,288,Female,73,31000.0,47.0,Healthcare,1,2
288,289,Female,21,5000.0,91.0,Marketing,0,1
289,290,Female,93,19000.0,58.0,Engineer,1,3
290,291,Male,9,27000.0,62.0,Entertainment,7,1
291,292,Female,10,68000.0,80.0,Doctor,6,3
292,293,Male,11,38000.0,66.0,Artist,8,8
293,294,Female,48,50000.0,36.0,Engineer,6,4
294,295,Female,73,80000.0,73.0,Entertainment,2,2
295,296,Female,66,69000.0,43.0,Executive,9,3
296,297,Female,79,31000.0,91.0,Engineer,3,3
297,298,Male,62,87000.0,41.0,Doctor,6,2
298,299,Male,17,79000.0,16.0,Artist,1,3
299,300,Male,32,32000.0,86.0,Entertainment,5,2
300,301,Male,85,153787.0,100.0,Entertainment,3,3
301,302,Male,31,95851.0,16.0,Healthcare,5,2
302,303,Female,31,145015.0,73.0,Healthcare,6,3
303,304,Female,38,148539.0,7.0,Healthcare,5,2
304,305,Female,90,117319.0,21.0,Lawyer,1,2
305,306,Female,65,180243.0,26.0,Marketing,6,2
306,307,Female,63,165052.0,12.0,Artist,4,2
307,308,Female,61,120487.0,14.0,Doctor,0,2
308,309,Male,26,112766.0,83.0,Engineer,8,4
309,310,Female,17,156488.0,65.0,Engineer,1,4
310,311,Male,56,97562.0,15.0,Executive,5,6
311,312,Female,12,77501.0,30.0,Engineer,5,4
312,313,Female,24,118302.0,100.0,Lawyer,5,1
313,314,Female,13,64277.0,9.0,Executive,9,4
314,315,Male,12,53927.0,77.0,Doctor,2,3
315,316,Male,72,93921.0,93.0,Lawyer,9,2
316,317,Female,54,132046.0,8.0,Homemaker,4,4
317,318,Male,45,183217.0,91.0,Artist,7,2
318,319,Male,66,182937.0,44.0,Marketing,8,1
319,320,Female,27,68272.0,56.0,Healthcare,8,4
320,321,Male,36,69841.0,21.0,Engineer,10,2
321,322,Male,5,69078.0,60.0,Lawyer,13,1
322,323,Female,89,110667.0,100.0,Healthcare,2,4
323,324,Male,13,95469.0,94.0,Doctor,6,1
324,325,Female,91,102861.0,40.0,Artist,4,1
325,326,Male,16,133551.0,7.0,Artist,3,1
326,327,Female,63,64589.0,90.0,Engineer,7,1
327,328,Male,52,152755.0,39.0,Engineer,4,2
328,329,Female,37,92313.0,58.0,Healthcare,1,5
329,330,Female,78,98922.0,2.0,Artist,2,3
330,331,Male,24,165846.0,33.0,Engineer,0,4
331,332,Female,4,93713.0,62.0,Engineer,3,4
332,333,Male,84,137641.0,67.0,Healthcare,0,5
333,334,Male,0,173743.0,96.0,Artist,0,4
334,335,Female,67,116126.0,58.0,Entertainment,10,2
335,336,Female,32,112246.0,30.0,Healthcare,8,3
336,337,Female,39,69384.0,75.0,Healthcare,1,5
337,338,Female,68,76529.0,62.0,Healthcare,0,2
338,339,Female,7,123804.0,28.0,Doctor,14,1
339,340,Female,76,68292.0,55.0,Artist,8,2
340,341,Female,84,173185.0,99.0,Artist,3,1
341,342,Male,75,142034.0,82.0,Entertainment,1,4
342,343,Male,22,107941.0,61.0,Artist,0,1
343,344,Female,90,149840.0,61.0,Engineer,1,1
344,345,Female,4,148431.0,99.0,Healthcare,1,8
345,346,Female,78,126599.0,84.0,Lawyer,0,3
346,347,Female,58,57180.0,22.0,Healthcare,9,1
347,348,Female,99,184426.0,41.0,Artist,9,1
348,349,Female,24,151085.0,39.0,Marketing,2,5
349,350,Female,88,166107.0,98.0,Artist,13,4
350,351,Female,92,67850.0,91.0,Artist,9,4
351,352,Male,99,173394.0,4.0,Engineer,13,1
352,353,Female,51,72303.0,98.0,Lawyer,7,1
353,354,Male,23,181760.0,35.0,Healthcare,14,3
354,355,Female,13,146858.0,75.0,Doctor,9,1
355,356,Male,22,172923.0,20.0,Engineer,6,1
356,357,Female,89,115811.0,87.0,Homemaker,11,4
357,358,Male,20,184324.0,51.0,Marketing,13,5
358,359,Female,72,67353.0,19.0,Lawyer,9,3
359,360,Male,17,165999.0,71.0,Healthcare,9,3
360,361,Male,90,164914.0,18.0,Artist,8,3
361,362,Male,99,63364.0,61.0,Entertainment,1,2
362,363,Female,39,182352.0,73.0,Engineer,4,3
363,364,Female,37,148544.0,56.0,Entertainment,1,2
364,365,Male,46,62833.0,85.0,Artist,1,2
365,366,Male,65,120627.0,72.0,Healthcare,0,2
366,367,Female,60,130898.0,30.0,Artist,1,1
367,368,Female,93,103130.0,74.0,Executive,12,3
368,369,Male,72,106681.0,15.0,Healthcare,9,5
369,370,Female,36,87353.0,25.0,Entertainment,1,5
370,371,Male,52,88046.0,61.0,Artist,8,1
371,372,Female,72,98168.0,49.0,Entertainment,1,2
372,373,Female,28,178265.0,5.0,Lawyer,2,1
373,374,Female,48,167232.0,92.0,Doctor,6,4
374,375,Male,85,140478.0,43.0,Doctor,6,4
375,376,Male,22,159296.0,83.0,Artist,8,1
376,377,Female,30,144043.0,78.0,Doctor,1,1
377,378,Male,46,72594.0,64.0,Artist,1,2
378,379,Female,82,180288.0,77.0,Artist,2,2
379,380,Female,73,165734.0,51.0,Entertainment,0,1
380,381,Male,8,175407.0,2.0,Artist,5,1
381,382,Male,90,70201.0,8.0,Engineer,0,2
382,383,Male,34,91503.0,26.0,Artist,0,6
383,384,Female,10,184522.0,43.0,Artist,0,2
384,385,Female,79,143560.0,83.0,Artist,1,3
385,386,Male,83,131574.0,97.0,Artist,1,2
386,387,Female,20,151124.0,18.0,Artist,15,3
387,388,Female,25,67447.0,5.0,Artist,15,2
388,389,Female,26,117454.0,8.0,Healthcare,16,2
389,390,Female,18,86203.0,23.0,Doctor,13,1
390,391,Female,7,136231.0,10.0,Artist,7,1
391,392,Male,1,89144.0,1.0,Doctor,12,2
392,393,Male,21,119116.0,30.0,Artist,17,4
393,394,Female,86,163463.0,31.0,Artist,9,4
394,395,Female,75,151696.0,82.0,Artist,15,1
395,396,Male,78,184736.0,52.0,Lawyer,13,1
396,397,Female,87,70419.0,69.0,Homemaker,6,4
397,398,Female,8,119104.0,41.0,Entertainment,14,3
398,399,Male,59,130950.0,28.0,Executive,5,3
399,400,Male,13,140950.0,77.0,Artist,15,2
400,401,Female,55,82285.0,35.0,Engineer,16,1
401,402,Female,50,91389.0,92.0,Healthcare,11,7
402,403,Male,54,186359.0,95.0,Doctor,13,2
403,404,Male,13,178989.0,46.0,Doctor,14,3
404,405,Male,79,166335.0,45.0,Engineer,5,5
405,406,Female,65,119889.0,11.0,Artist,17,6
406,407,Female,51,66852.0,73.0,Executive,15,3
407,408,Male,18,103896.0,36.0,Executive,16,4
408,409,Male,21,187761.0,87.0,Healthcare,2,3
409,410,Male,37,102717.0,93.0,Healthcare,7,4
410,411,Male,83,102647.0,83.0,Entertainment,0,2
411,412,Female,96,113585.0,31.0,Lawyer,0,4
412,413,Female,65,86509.0,88.0,Artist,0,4
413,414,Male,80,59099.0,44.0,Marketing,1,7
414,415,Female,75,135088.0,5.0,Lawyer,1,5
415,416,Female,87,110870.0,78.0,Engineer,1,4
416,417,Female,86,187667.0,12.0,Artist,0,1
417,418,Female,36,124614.0,25.0,Artist,8,5
418,419,Female,78,166492.0,40.0,Homemaker,9,7
419,420,Female,62,172758.0,69.0,Entertainment,1,2
420,421,Male,89,122430.0,19.0,Healthcare,1,1
421,422,Female,56,183540.0,96.0,Entertainment,0,6
422,423,Female,35,96484.0,34.0,Artist,5,4
423,424,Male,33,112587.0,71.0,Artist,1,4
424,425,Female,58,155672.0,71.0,Entertainment,7,7
425,426,Female,68,72847.0,93.0,Artist,1,2
426,427,Male,38,71897.0,32.0,Entertainment,2,3
427,428,Male,31,158479.0,57.0,Doctor,1,5
428,429,Male,90,89251.0,4.0,Entertainment,1,1
429,430,Male,28,179911.0,24.0,Engineer,1,1
430,431,Male,1,111558.0,85.0,Healthcare,7,4
431,432,Male,78,127615.0,78.0,Executive,10,7
432,433,Female,23,50076.0,32.0,Artist,3,5
433,434,Female,25,77779.0,62.0,Artist,4,1
434,435,Male,59,169999.0,38.0,Engineer,5,5
435,436,Female,7,106581.0,76.0,Doctor,1,7
436,437,Female,24,78223.0,41.0,Lawyer,0,1
437,438,Male,76,136259.0,14.0,,0,7
438,439,Male,37,153399.0,93.0,Entertainment,1,6
439,440,Female,6,162858.0,91.0,Artist,0,1
440,441,Female,0,57373.0,29.0,,0,7
441,442,Male,3,133602.0,47.0,Artist,1,1
442,443,Female,95,66322.0,88.0,Artist,0,3
443,444,Female,0,68761.0,16.0,Lawyer,1,4
444,445,Male,7,70749.0,86.0,Artist,13,3
445,446,Male,54,65874.0,87.0,Artist,7,6
446,447,Male,89,115996.0,24.0,Engineer,15,1
447,448,Female,58,67097.0,91.0,Engineer,6,1
448,449,Female,12,108027.0,64.0,Artist,13,5
449,450,Male,7,176349.0,80.0,Healthcare,8,2
450,451,Male,11,88452.0,40.0,Healthcare,8,6
451,452,Male,74,128266.0,55.0,Engineer,7,4
452,453,Female,64,156777.0,20.0,Healthcare,7,2
453,454,Female,48,123234.0,50.0,Lawyer,10,7
454,455,Female,8,60790.0,38.0,Artist,1,5
455,456,Female,15,181332.0,99.0,Artist,14,6
456,457,Male,1,187297.0,7.0,Artist,0,1
457,458,Female,21,153885.0,86.0,Artist,6,6
458,459,Male,84,53500.0,44.0,Marketing,3,4
459,460,Female,5,69443.0,28.0,Doctor,4,6
460,461,Female,47,124072.0,56.0,Lawyer,0,7
461,462,Female,96,135800.0,29.0,Healthcare,0,7
462,463,Male,93,120597.0,96.0,Artist,2,4
463,464,Female,16,91358.0,11.0,Entertainment,1,4
464,465,Male,56,53231.0,41.0,Marketing,0,5
465,466,Female,76,156330.0,31.0,Engineer,1,2
466,467,Male,0,186002.0,80.0,Doctor,15,2
467,468,Female,70,111760.0,53.0,Executive,12,5
468,469,Female,47,143906.0,12.0,Artist,4,3
469,470,Male,13,182410.0,22.0,Healthcare,11,4
470,471,Male,86,98463.0,46.0,Homemaker,10,5
471,472,Male,91,93762.0,28.0,Artist,15,7
472,473,Male,97,104582.0,50.0,Healthcare,8,2
473,474,Male,20,130813.0,92.0,Artist,17,5
474,475,Female,11,59202.0,92.0,Healthcare,5,4
475,476,Female,28,79968.0,45.0,Lawyer,9,2
476,477,Male,32,104824.0,42.0,Artist,0,7
477,478,Male,82,188719.0,30.0,Lawyer,0,6
478,479,Male,39,187536.0,66.0,Healthcare,3,6
479,480,Male,7,134008.0,85.0,Entertainment,2,1
480,481,Female,13,176397.0,71.0,Artist,6,3
481,482,Female,34,154888.0,43.0,Healthcare,9,6
482,483,Male,76,155622.0,81.0,Healthcare,0,2
483,484,Female,30,62330.0,60.0,Healthcare,1,1
484,485,Female,69,112838.0,34.0,Healthcare,1,7
485,486,Male,22,58283.0,59.0,Homemaker,2,4
486,487,Female,60,77857.0,81.0,Artist,1,6
487,488,Male,66,125024.0,25.0,Artist,0,1
488,489,Female,57,136242.0,34.0,Artist,9,1
489,490,Female,60,81934.0,81.0,Healthcare,1,4
490,491,Female,59,130511.0,97.0,Artist,3,4
491,492,Female,54,144502.0,88.0,Lawyer,3,1
492,493,Male,90,63769.0,6.0,Artist,4,2
493,494,Female,14,66760.0,20.0,Artist,0,4
494,495,Female,34,135115.0,54.0,Entertainment,1,7
495,496,Female,85,179877.0,17.0,Healthcare,12,4
496,497,Female,83,93351.0,65.0,Doctor,1,1
497,498,Male,12,84547.0,96.0,Homemaker,3,3
498,499,Male,95,121725.0,3.0,,12,3
499,500,Male,41,65723.0,91.0,Artist,6,7
500,501,Female,38,96794.0,96.0,Healthcare,6,3
501,502,Male,68,72352.0,61.0,Healthcare,8,5
502,503,Female,4,53097.0,21.0,Healthcare,0,7
503,504,Female,5,144831.0,17.0,Artist,1,3
504,505,Female,3,183851.0,10.0,Doctor,1,2
505,506,Female,20,111896.0,90.0,Executive,1,3
506,507,Female,3,64824.0,30.0,Executive,1,1
507,508,Male,36,88565.0,16.0,Healthcare,1,5
508,509,Female,70,104974.0,63.0,Artist,1,1
509,510,Female,17,167060.0,47.0,Artist,1,5
510,511,Female,31,69018.0,17.0,Artist,6,1
511,512,Female,48,174109.0,96.0,Entertainment,0,1
512,513,Male,28,62186.0,29.0,Marketing,0,1
513,514,Male,97,183783.0,70.0,Healthcare,9,3
514,515,Male,81,83771.0,1.0,Artist,1,2
515,516,Female,37,148196.0,91.0,Artist,0,2
516,517,Male,85,131742.0,87.0,Entertainment,1,1
517,518,Female,78,59971.0,94.0,Homemaker,14,7
518,519,Female,13,88960.0,2.0,Entertainment,13,3
519,520,Female,53,140107.0,38.0,Healthcare,1,5
520,521,Female,41,161896.0,49.0,Entertainment,1,3
521,522,Female,9,57272.0,60.0,Engineer,1,1
522,523,Male,20,119952.0,2.0,Healthcare,8,2
523,524,Female,98,167197.0,63.0,Doctor,1,5
524,525,Female,44,186116.0,2.0,Healthcare,8,6
525,526,Female,66,134677.0,59.0,Healthcare,15,5
526,527,Female,58,180479.0,74.0,Healthcare,0,3
527,528,Male,97,112783.0,21.0,Artist,9,6
528,529,Male,13,150258.0,17.0,Doctor,0,3
529,530,Male,48,115832.0,92.0,Artist,2,2
530,531,Female,47,104834.0,44.0,Artist,0,7
531,532,Male,93,152571.0,66.0,Doctor,14,5
532,533,Female,11,162287.0,45.0,Engineer,3,2
533,534,Female,68,171761.0,59.0,Doctor,1,6
534,535,Female,87,77709.0,73.0,Artist,0,1
535,536,Female,22,95053.0,17.0,Entertainment,1,2
536,537,Male,89,74820.0,33.0,Doctor,1,2
537,538,Male,57,152267.0,92.0,Engineer,9,5
538,539,Male,91,71925.0,14.0,Artist,4,2
539,540,Female,84,151340.0,95.0,Artist,1,7
540,541,Male,56,162921.0,51.0,Executive,0,4
541,542,Female,26,52234.0,30.0,Executive,1,2
542,543,Female,56,100271.0,87.0,Artist,1,5
543,544,Female,6,170266.0,23.0,Artist,3,2
544,545,Female,33,88763.0,1.0,Entertainment,1,1
545,546,Female,89,107359.0,26.0,,10,6
546,547,Male,99,164781.0,83.0,Engineer,0,2
547,548,Female,25,156016.0,85.0,Artist,2,1
548,549,Female,96,186882.0,40.0,Entertainment,1,7
549,550,Female,35,99300.0,88.0,Homemaker,5,2
550,551,Male,16,58127.0,65.0,Marketing,0,3
551,552,Female,81,89211.0,12.0,Doctor,1,7
552,553,Female,7,148607.0,59.0,Homemaker,1,7
553,554,Female,31,139592.0,62.0,Marketing,1,1
554,555,Female,16,172051.0,62.0,Healthcare,1,3
555,556,Male,89,57033.0,99.0,Artist,0,4
556,557,Male,84,117612.0,63.0,Engineer,0,6
557,558,Male,40,185321.0,96.0,Artist,0,7
558,559,Female,17,186577.0,5.0,Healthcare,8,5
559,560,Male,0,151298.0,89.0,Artist,0,6
560,561,Female,69,123925.0,52.0,Artist,1,7
561,562,Female,17,169496.0,12.0,Lawyer,11,6
562,563,Female,0,142892.0,25.0,Entertainment,8,1
563,564,Female,34,58979.0,3.0,Entertainment,9,5
564,565,Female,51,141416.0,100.0,Healthcare,15,1
565,566,Male,54,104854.0,67.0,Healthcare,1,7
566,567,Female,19,180331.0,14.0,Artist,17,5
567,568,Female,99,172896.0,13.0,Engineer,0,3
568,569,Female,2,101451.0,82.0,Healthcare,4,3
569,570,Female,91,189974.0,37.0,Engineer,8,1
570,571,Male,65,90084.0,65.0,Artist,1,6
571,572,Female,47,112247.0,24.0,Executive,4,5
572,573,Female,91,181775.0,61.0,Artist,4,5
573,574,Female,64,59088.0,31.0,Artist,1,3
574,575,Female,91,60856.0,23.0,Artist,1,6
575,576,Male,32,149900.0,34.0,Artist,6,3
576,577,Male,15,142776.0,98.0,Engineer,8,5
577,578,Male,22,162598.0,84.0,Artist,8,3
578,579,Female,37,146195.0,89.0,Healthcare,4,4
579,580,Male,83,135268.0,53.0,Lawyer,4,5
580,581,Female,89,136037.0,1.0,Marketing,5,1
581,582,Female,33,111191.0,67.0,Artist,9,4
582,583,Female,13,144111.0,62.0,Entertainment,12,5
583,584,Female,71,177359.0,56.0,Doctor,6,2
584,585,Female,10,112818.0,85.0,Marketing,15,7
585,586,Male,49,53509.0,98.0,Artist,5,4
586,587,Female,9,168269.0,75.0,Executive,10,2
587,588,Female,53,86766.0,2.0,Lawyer,16,3
588,589,Female,63,52661.0,25.0,Healthcare,12,5
589,590,Female,46,148520.0,14.0,Healthcare,11,5
590,591,Male,42,149936.0,52.0,Artist,15,3
591,592,Female,73,102296.0,31.0,Entertainment,7,5
592,593,Male,75,178416.0,16.0,Executive,10,7
593,594,Female,49,83788.0,41.0,Doctor,15,1
594,595,Female,96,184771.0,77.0,Engineer,8,5
595,596,Female,52,70302.0,88.0,Executive,14,3
596,597,Female,15,58639.0,51.0,Entertainment,5,7
597,598,Male,91,97879.0,40.0,Entertainment,15,7
598,599,Male,22,64707.0,29.0,Entertainment,7,3
599,600,Male,62,71795.0,87.0,Healthcare,8,1
600,601,Male,41,76567.0,85.0,Doctor,16,1
601,602,Male,61,126370.0,20.0,,11,4
602,603,Female,71,154007.0,32.0,Artist,7,7
603,604,Female,91,69720.0,78.0,Lawyer,17,6
604,605,Female,94,85265.0,68.0,Executive,7,6
605,606,Female,3,155864.0,31.0,Healthcare,13,3
606,607,Female,15,99421.0,72.0,Artist,8,7
607,608,Female,96,145457.0,57.0,Executive,2,1
608,609,Male,12,118041.0,77.0,Artist,9,2
609,610,Female,23,73759.0,83.0,Doctor,0,7
610,611,Male,94,90082.0,17.0,Artist,5,7
611,612,Female,7,74928.0,12.0,Artist,0,6
612,613,Female,74,101352.0,36.0,Lawyer,0,5
613,614,Female,52,93947.0,81.0,Healthcare,9,2
614,615,Male,39,134629.0,23.0,Engineer,1,6
615,616,Male,72,101858.0,70.0,Healthcare,8,6
616,617,Female,55,165501.0,47.0,Artist,10,4
617,618,Male,29,135931.0,74.0,Lawyer,5,1
618,619,Male,38,103356.0,20.0,Marketing,1,6
619,620,Female,44,75195.0,79.0,Artist,1,3
620,621,Male,58,123083.0,44.0,Entertainment,6,5
621,622,Male,77,73884.0,30.0,Healthcare,1,2
622,623,Female,56,91180.0,61.0,Entertainment,1,7
623,624,Male,79,86235.0,52.0,Artist,0,2
624,625,Female,97,96400.0,4.0,Doctor,1,7
625,626,Male,78,83599.0,12.0,Healthcare,1,6
626,627,Female,91,82535.0,50.0,Healthcare,0,1
627,628,Male,35,92227.0,8.0,Lawyer,0,5
628,629,Female,43,150444.0,27.0,Artist,13,4
629,630,Female,37,149095.0,83.0,Lawyer,1,2
630,631,Male,63,113605.0,42.0,Artist,3,3
631,632,Female,16,93854.0,82.0,Healthcare,0,7
632,633,Male,32,118280.0,92.0,Artist,0,5
633,634,Male,91,94576.0,90.0,Artist,0,1
634,635,Female,33,129257.0,70.0,Executive,6,3
635,636,Female,57,70373.0,10.0,Healthcare,2,6
636,637,Female,43,77600.0,66.0,Healthcare,0,1
637,638,Female,26,113707.0,97.0,Entertainment,0,5
638,639,Female,59,189672.0,8.0,Doctor,0,7
639,640,Female,61,143180.0,58.0,Artist,0,5
640,641,Female,59,174890.0,14.0,Marketing,3,4
641,642,Male,66,121377.0,19.0,,7,7
642,643,Male,26,154857.0,13.0,Healthcare,0,7
643,644,Female,67,160945.0,51.0,Healthcare,0,5
644,645,Female,85,119557.0,35.0,Artist,0,2
645,646,Female,76,187141.0,33.0,Doctor,0,7
646,647,Female,57,97468.0,22.0,Artist,0,1
647,648,Female,77,160351.0,77.0,Lawyer,8,5
648,649,Female,66,178627.0,94.0,Healthcare,1,2
649,650,Female,49,170188.0,80.0,Lawyer,1,6
650,651,Female,36,166007.0,40.0,Doctor,1,4
651,652,Male,74,91794.0,83.0,Entertainment,0,7
652,653,Female,16,189072.0,86.0,Artist,6,3
653,654,Male,27,152717.0,15.0,Executive,1,6
654,655,Female,3,158549.0,98.0,Executive,0,3
655,656,Male,31,134263.0,94.0,Marketing,1,3
656,657,Female,30,148236.0,28.0,Executive,1,1
657,658,Male,94,171677.0,81.0,Artist,0,6
658,659,Female,31,189446.0,38.0,Artist,1,6
659,660,Male,49,106633.0,53.0,Artist,0,3
660,661,Male,49,81084.0,48.0,Executive,6,5
661,662,Male,53,148759.0,52.0,Doctor,7,7
662,663,Female,3,117638.0,95.0,Healthcare,2,7
663,664,Female,91,159537.0,37.0,Doctor,4,1
664,665,Male,26,79526.0,6.0,Marketing,9,7
665,666,Male,28,101414.0,64.0,,8,1
666,667,Female,92,109519.0,72.0,Entertainment,1,4
667,668,Female,59,156880.0,70.0,Artist,0,7
668,669,Male,15,157278.0,58.0,Artist,0,6
669,670,Female,23,144916.0,84.0,Engineer,1,7
670,671,Male,54,59163.0,100.0,Marketing,3,3
671,672,Female,93,93991.0,49.0,Artist,1,3
672,673,Female,65,58318.0,45.0,Doctor,1,1
673,674,Female,13,180786.0,88.0,Lawyer,1,5
674,675,Male,71,84622.0,45.0,Doctor,0,6
675,676,Male,1,92674.0,59.0,Artist,8,4
676,677,Female,57,87553.0,94.0,Artist,1,1
677,678,Male,14,74174.0,79.0,Entertainment,1,2
678,679,Female,77,180831.0,33.0,Healthcare,1,2
679,680,Female,89,137397.0,33.0,Doctor,1,7
680,681,Male,17,96154.0,100.0,Artist,1,4
681,682,Male,86,172477.0,69.0,Entertainment,1,3
682,683,Male,42,59954.0,37.0,Executive,4,4
683,684,Female,29,112240.0,95.0,Entertainment,0,4
684,685,Female,54,145679.0,35.0,Artist,0,2
685,686,Male,96,136265.0,49.0,Artist,12,5
686,687,Female,58,74869.0,12.0,Healthcare,0,3
687,688,Female,52,109425.0,46.0,Engineer,0,1
688,689,Female,3,126015.0,57.0,Healthcare,0,1
689,690,Female,13,156951.0,66.0,Healthcare,4,7
690,691,Female,3,127172.0,68.0,Healthcare,1,2
691,692,Male,89,113834.0,22.0,Doctor,0,3
692,693,Male,83,132005.0,2.0,Entertainment,0,5
693,694,Female,80,171323.0,78.0,Lawyer,10,4
694,695,Female,74,92355.0,87.0,Entertainment,1,4
695,696,Male,42,60982.0,3.0,Healthcare,0,5
696,697,Female,91,51742.0,33.0,Artist,8,3
697,698,Female,31,138612.0,71.0,Executive,9,2
698,699,Male,8,158123.0,84.0,Artist,1,1
699,700,Male,64,164675.0,65.0,Executive,0,5
700,701,Female,41,172882.0,27.0,Healthcare,8,7
701,702,Female,62,70119.0,93.0,Artist,0,1
702,703,Male,41,113998.0,26.0,Healthcare,7,7
703,704,Male,22,114011.0,40.0,,5,7
704,705,Male,5,57265.0,89.0,Entertainment,7,7
705,706,Female,38,130597.0,2.0,Artist,6,1
706,707,Female,88,121597.0,7.0,Engineer,0,5
707,708,Male,56,103210.0,100.0,Artist,6,6
708,709,Male,47,66308.0,8.0,Executive,0,4
709,710,Male,4,141336.0,93.0,Homemaker,2,1
710,711,Male,82,153632.0,76.0,Entertainment,9,7
711,712,Female,31,65520.0,71.0,Lawyer,1,2
712,713,Female,69,153217.0,83.0,Healthcare,1,6
713,714,Male,62,92768.0,75.0,Doctor,1,1
714,715,Female,54,132345.0,10.0,Artist,0,2
715,716,Female,60,186069.0,49.0,Marketing,1,2
716,717,Female,31,53802.0,32.0,Artist,1,7
717,718,Female,17,103739.0,62.0,Healthcare,6,4
718,719,Female,15,50550.0,34.0,Healthcare,9,7
719,720,Female,37,145648.0,21.0,Healthcare,7,6
720,721,Male,36,85737.0,37.0,Executive,0,3
721,722,Female,27,99950.0,20.0,Entertainment,0,4
722,723,Female,11,83220.0,21.0,Engineer,7,4
723,724,Male,83,73410.0,50.0,Entertainment,8,5
724,725,Female,71,64310.0,43.0,Marketing,2,1
725,726,Female,20,59844.0,79.0,Doctor,0,1
726,727,Male,3,67787.0,1.0,Executive,1,6
727,728,Male,52,172841.0,4.0,Engineer,0,1
728,729,Male,75,145528.0,61.0,Healthcare,1,2
729,730,Male,36,173807.0,42.0,Artist,0,2
730,731,Male,60,185794.0,69.0,Entertainment,7,1
731,732,Male,8,119780.0,71.0,Healthcare,1,3
732,733,Female,9,158596.0,86.0,Artist,1,2
733,734,Female,41,118122.0,52.0,Entertainment,0,6
734,735,Male,38,99964.0,11.0,Healthcare,7,4
735,736,Female,69,120752.0,27.0,Executive,1,6
736,737,Female,33,189630.0,53.0,Executive,5,5
737,738,Male,64,125510.0,6.0,Healthcare,3,3
738,739,Male,19,101799.0,49.0,Engineer,1,1
739,740,Female,88,92914.0,74.0,Artist,0,3
740,741,Female,91,162465.0,59.0,Engineer,9,3
741,742,Male,84,163818.0,27.0,Engineer,2,1
742,743,Female,43,53832.0,56.0,Entertainment,4,1
743,744,Female,30,140190.0,49.0,Engineer,1,4
744,745,Male,16,125836.0,69.0,Healthcare,1,4
745,746,Male,89,100938.0,27.0,Entertainment,0,7
746,747,Male,5,168670.0,37.0,Artist,1,3
747,748,Female,54,176885.0,10.0,Entertainment,0,3
748,749,Female,41,111174.0,28.0,Artist,4,5
749,750,Male,80,127335.0,97.0,Artist,6,6
750,751,Male,37,149103.0,3.0,Healthcare,10,1
751,752,Male,87,167705.0,31.0,Healthcare,0,7
752,753,Female,50,183548.0,85.0,Entertainment,1,4
753,754,Female,14,50396.0,46.0,Lawyer,0,6
754,755,Female,17,63557.0,3.0,Marketing,1,1
755,756,Female,98,87878.0,55.0,Artist,1,6
756,757,Male,3,55634.0,53.0,Engineer,8,3
757,758,Female,83,118110.0,26.0,Engineer,1,5
758,759,Male,13,129396.0,36.0,Artist,6,6
759,760,Female,46,62628.0,64.0,Entertainment,8,6
760,761,Female,25,51700.0,17.0,Healthcare,4,6
761,762,Female,4,106816.0,49.0,Artist,7,5
762,763,Male,64,93000.0,67.0,Lawyer,0,2
763,764,Female,84,144148.0,71.0,Doctor,1,4
764,765,Male,12,101388.0,90.0,Artist,0,2
765,766,Female,56,171560.0,78.0,Engineer,0,2
766,767,Male,58,156366.0,60.0,Entertainment,8,1
767,768,Female,0,143910.0,22.0,Marketing,1,7
768,769,Female,25,106569.0,84.0,Engineer,1,3
769,770,Male,28,173009.0,25.0,Healthcare,9,6
770,771,Male,78,54252.0,29.0,Engineer,0,5
771,772,Male,56,104600.0,57.0,Entertainment,6,3
772,773,Male,91,50250.0,54.0,Artist,0,2
773,774,Male,77,93242.0,84.0,Entertainment,0,7
774,775,Female,83,156839.0,38.0,Artist,3,7
775,776,Female,64,71305.0,39.0,Artist,9,2
776,777,Male,19,85975.0,73.0,Entertainment,0,6
777,778,Male,94,188107.0,52.0,Engineer,10,2
778,779,Male,19,82333.0,35.0,Marketing,1,2
779,780,Male,84,125016.0,25.0,Entertainment,1,7
780,781,Female,10,148908.0,10.0,Healthcare,2,3
781,782,Female,19,58217.0,70.0,Artist,0,1
782,783,Male,74,76521.0,29.0,Engineer,7,4
783,784,Female,95,117763.0,42.0,Artist,1,2
784,785,Female,34,115184.0,93.0,Homemaker,1,4
785,786,Male,30,54251.0,7.0,Artist,2,6
786,787,Female,53,112530.0,24.0,Entertainment,2,6
787,788,Male,67,107409.0,2.0,Artist,1,6
788,789,Female,23,84793.0,23.0,Homemaker,9,6
789,790,Female,25,66952.0,79.0,Entertainment,1,2
790,791,Female,84,153465.0,11.0,Lawyer,1,4
791,792,Female,1,178214.0,17.0,Artist,1,7
792,793,Male,70,152069.0,42.0,Entertainment,4,4
793,794,Female,56,132860.0,17.0,Healthcare,7,2
794,795,Female,0,147719.0,86.0,Lawyer,1,7
795,796,Female,91,172915.0,29.0,Doctor,9,1
796,797,Female,81,148594.0,29.0,Entertainment,3,5
797,798,Male,33,61986.0,77.0,Executive,0,1
798,799,Male,75,91456.0,13.0,Artist,1,4
799,800,Male,11,166247.0,84.0,Executive,1,2
800,801,Female,61,140516.0,50.0,Artist,0,3
801,802,Male,81,148208.0,36.0,,5,7
802,803,Female,62,133822.0,78.0,Marketing,0,4
803,804,Female,44,175424.0,32.0,Artist,4,5
804,805,Female,67,121528.0,92.0,Healthcare,8,4
805,806,Female,30,189369.0,69.0,Healthcare,0,3
806,807,Female,92,80808.0,26.0,Artist,1,1
807,808,Male,25,57535.0,84.0,Entertainment,1,7
808,809,Female,61,163509.0,51.0,Healthcare,0,4
809,810,Female,72,75884.0,57.0,Executive,0,7
810,811,Female,89,157759.0,52.0,Artist,1,6
811,812,Female,37,184813.0,44.0,Executive,0,2
812,813,Male,59,187253.0,51.0,Executive,8,7
813,814,Male,41,81718.0,36.0,Entertainment,1,3
814,815,Male,60,150019.0,37.0,Doctor,1,2
815,816,Female,81,53452.0,73.0,Entertainment,1,6
816,817,Male,85,150765.0,42.0,Homemaker,8,2
817,818,Female,91,154456.0,71.0,,0,7
818,819,Female,65,56647.0,12.0,Doctor,6,4
819,820,Female,19,117477.0,48.0,Healthcare,6,7
820,821,Female,78,79677.0,9.0,Artist,10,7
821,822,Female,0,116759.0,28.0,Marketing,7,3
822,823,Male,26,180702.0,21.0,Entertainment,6,1
823,824,Female,2,122698.0,100.0,Entertainment,8,1
824,825,Female,60,169346.0,55.0,Healthcare,7,2
825,826,Female,67,93176.0,25.0,Artist,4,1
826,827,Female,4,75853.0,40.0,Homemaker,4,5
827,828,Male,7,119362.0,58.0,Engineer,8,1
828,829,Male,28,81545.0,36.0,Artist,4,7
829,830,Male,67,67372.0,75.0,Artist,0,7
830,831,Female,30,109703.0,61.0,Executive,1,1
831,832,Male,38,166697.0,39.0,Marketing,13,4
832,833,Female,40,124982.0,34.0,Engineer,1,7
833,834,Female,6,146776.0,83.0,Lawyer,1,7
834,835,Female,3,147548.0,45.0,Executive,4,5
835,836,Female,51,117620.0,60.0,Healthcare,7,6
836,837,Male,63,85351.0,57.0,Healthcare,0,2
837,838,Male,65,174432.0,8.0,Artist,0,7
838,839,Male,44,70787.0,68.0,Doctor,1,3
839,840,Female,90,75473.0,63.0,Healthcare,0,7
840,841,Male,76,90082.0,49.0,Healthcare,1,6
841,842,Female,62,185388.0,54.0,Healthcare,0,2
842,843,Female,5,168110.0,69.0,Doctor,14,6
843,844,Female,67,184628.0,38.0,Artist,12,2
844,845,Female,38,176551.0,45.0,Healthcare,8,1
845,846,Female,31,76422.0,21.0,Healthcare,9,7
846,847,Male,2,164248.0,51.0,Entertainment,9,3
847,848,Female,82,109188.0,38.0,Lawyer,5,7
848,849,Female,66,132951.0,26.0,Healthcare,4,1
849,850,Female,75,164598.0,32.0,Healthcare,8,1
850,851,Male,69,186655.0,32.0,,7,2
851,852,Female,62,111859.0,86.0,Healthcare,6,1
852,853,Female,0,121926.0,41.0,Lawyer,7,1
853,854,Female,11,143047.0,42.0,Executive,1,3
854,855,Female,22,131748.0,23.0,Artist,1,3
855,856,Male,76,142801.0,23.0,Lawyer,0,1
856,857,Male,85,142723.0,46.0,Engineer,0,6
857,858,Male,21,155151.0,16.0,Marketing,14,3
858,859,Female,64,153607.0,48.0,Healthcare,1,4
859,860,Male,94,144192.0,34.0,Healthcare,0,3
860,861,Female,83,174159.0,22.0,Lawyer,4,4
861,862,Female,93,73642.0,50.0,Marketing,0,3
862,863,Female,12,170319.0,46.0,Artist,8,7
863,864,Female,0,141351.0,10.0,Engineer,0,2
864,865,Female,79,167411.0,9.0,Marketing,12,5
865,866,Male,90,58289.0,49.0,Artist,5,6
866,867,Female,45,79801.0,77.0,Doctor,0,2
867,868,Female,82,146118.0,52.0,Marketing,8,7
868,869,Female,57,57337.0,14.0,Healthcare,1,4
869,870,Female,43,113575.0,6.0,Entertainment,1,2
870,871,Male,63,122658.0,65.0,Engineer,6,2
871,872,Female,62,151836.0,13.0,Artist,0,6
872,873,Female,43,185900.0,80.0,Homemaker,9,4
873,874,Female,34,94029.0,98.0,Healthcare,1,4
874,875,Female,30,157290.0,22.0,Artist,2,2
875,876,Male,97,175996.0,42.0,Entertainment,10,4
876,877,Male,68,102016.0,37.0,Artist,0,4
877,878,Male,16,77902.0,67.0,Artist,1,2
878,879,Female,15,81138.0,86.0,Healthcare,9,7
879,880,Male,25,128258.0,48.0,Executive,0,2
880,881,Female,29,62475.0,24.0,Artist,6,4
881,882,Female,85,82854.0,75.0,Artist,6,4
882,883,Female,30,59284.0,38.0,Doctor,7,7
883,884,Female,13,141580.0,92.0,Healthcare,0,4
884,885,Female,88,171362.0,90.0,Executive,6,4
885,886,Male,5,78274.0,65.0,Artist,9,2
886,887,Female,95,76646.0,61.0,Artist,0,1
887,888,Female,92,78308.0,66.0,Executive,5,2
888,889,Female,63,78971.0,89.0,Engineer,1,2
889,890,Female,75,65528.0,73.0,Marketing,1,5
890,891,Male,67,94199.0,71.0,Artist,5,7
891,892,Female,58,135705.0,48.0,Engineer,8,7
892,893,Male,52,130573.0,31.0,Entertainment,8,3
893,894,Female,85,152303.0,68.0,Artist,1,5
894,895,Female,31,144582.0,89.0,Doctor,1,1
895,896,Female,84,93288.0,60.0,Artist,10,6
896,897,Female,93,88192.0,3.0,Marketing,10,2
897,898,Male,18,62362.0,81.0,Lawyer,7,3
898,899,Male,73,74350.0,39.0,Lawyer,10,1
899,900,Male,3,144103.0,42.0,Healthcare,8,7
900,901,Male,1,75518.0,17.0,Lawyer,7,3
901,902,Male,53,160980.0,62.0,Doctor,4,2
902,903,Female,75,102904.0,28.0,Artist,7,6
903,904,Female,15,174501.0,37.0,,9,7
904,905,Female,47,157661.0,57.0,Healthcare,6,6
905,906,Female,66,118385.0,8.0,Healthcare,10,3
906,907,Female,17,116463.0,100.0,Artist,8,4
907,908,Female,1,161212.0,14.0,Artist,9,6
908,909,Male,16,172601.0,50.0,Marketing,4,6
909,910,Female,52,167214.0,94.0,Homemaker,8,7
910,911,Male,21,69644.0,19.0,Artist,5,1
911,912,Female,19,120215.0,46.0,Homemaker,7,2
912,913,Female,29,180401.0,23.0,Engineer,7,6
913,914,Female,40,113739.0,93.0,Artist,5,7
914,915,Male,76,111717.0,41.0,Healthcare,1,2
915,916,Male,91,62808.0,20.0,Engineer,0,4
916,917,Female,24,67582.0,13.0,Artist,1,3
917,918,Male,4,96543.0,60.0,Artist,9,1
918,919,Male,90,89667.0,69.0,Artist,0,2
919,920,Female,56,98980.0,65.0,Engineer,0,1
920,921,Male,14,124998.0,17.0,Lawyer,1,3
921,922,Male,52,189091.0,12.0,Artist,0,6
922,923,Female,14,153842.0,3.0,Artist,1,3
923,924,Male,30,106314.0,16.0,Artist,0,7
924,925,Female,70,62901.0,60.0,Artist,8,5
925,926,Male,14,149618.0,78.0,Healthcare,4,6
926,927,Female,95,72068.0,97.0,Healthcare,0,6
927,928,Male,25,81367.0,87.0,,0,3
928,929,Female,95,118575.0,10.0,Entertainment,1,3
929,930,Female,12,82382.0,97.0,Executive,1,3
930,931,Male,82,114776.0,55.0,Entertainment,10,3
931,932,Female,2,145597.0,81.0,Artist,1,6
932,933,Male,51,162072.0,86.0,Engineer,1,1
933,934,Male,63,172872.0,11.0,Healthcare,0,7
934,935,Female,30,182162.0,6.0,Artist,1,3
935,936,Female,68,71467.0,81.0,Artist,5,7
936,937,Female,21,85568.0,1.0,Healthcare,0,6
937,938,Female,99,56851.0,72.0,Entertainment,6,3
938,939,Female,0,116782.0,73.0,Artist,9,5
939,940,Female,80,67781.0,1.0,Entertainment,4,4
940,941,Female,51,70152.0,29.0,Healthcare,0,2
941,942,Male,18,185861.0,82.0,Artist,3,6
942,943,Male,43,162595.0,17.0,Artist,3,3
943,944,Female,29,80098.0,54.0,Lawyer,10,6
944,945,Female,20,184801.0,8.0,Lawyer,1,1
945,946,Female,39,58908.0,37.0,Artist,6,6
946,947,Female,9,146011.0,69.0,Marketing,9,5
947,948,Female,45,135174.0,39.0,Artist,9,4
948,949,Female,65,114244.0,64.0,Artist,0,1
949,950,Female,64,157207.0,52.0,Healthcare,0,4
950,951,Female,81,128834.0,23.0,Entertainment,5,4
951,952,Male,54,51166.0,24.0,Entertainment,0,7
952,953,Female,32,130118.0,36.0,Artist,0,4
953,954,Male,29,87014.0,71.0,Doctor,11,4
954,955,Female,25,111379.0,93.0,Artist,0,2
955,956,Male,5,83704.0,82.0,Entertainment,1,1
956,957,Female,55,90558.0,49.0,Healthcare,8,2
957,958,Male,12,187343.0,14.0,Healthcare,6,3
958,959,Female,81,111174.0,48.0,Entertainment,9,6
959,960,Male,87,64461.0,63.0,Engineer,4,4
960,961,Male,12,109618.0,97.0,Artist,7,3
961,962,Male,91,189357.0,4.0,Lawyer,7,1
962,963,Female,63,120955.0,79.0,Artist,6,1
963,964,Female,97,168898.0,54.0,Homemaker,8,7
964,965,Male,89,130431.0,52.0,Healthcare,6,3
965,966,Male,59,161091.0,56.0,Engineer,9,1
966,967,Female,26,69988.0,2.0,Homemaker,5,4
967,968,Female,5,169702.0,98.0,Doctor,5,1
968,969,Male,32,186897.0,49.0,Healthcare,1,7
969,970,Female,98,109061.0,41.0,Engineer,6,1
970,971,Male,31,188620.0,30.0,Artist,3,6
971,972,Female,59,108675.0,57.0,Artist,4,5
972,973,Female,80,177601.0,34.0,Entertainment,0,2
973,974,Female,12,87365.0,3.0,Marketing,1,2
974,975,Male,80,95929.0,23.0,Engineer,0,2
975,976,Male,59,97185.0,87.0,Entertainment,0,5
976,977,Female,56,103838.0,17.0,Artist,1,2
977,978,Male,18,129260.0,11.0,Doctor,1,3
978,979,Female,66,151184.0,19.0,Artist,1,4
979,980,Female,67,177512.0,62.0,Engineer,2,3
980,981,Male,39,140099.0,51.0,Lawyer,0,7
981,982,Male,23,67535.0,97.0,Healthcare,7,6
982,983,Male,47,133236.0,61.0,Executive,1,6
983,984,Female,41,87975.0,5.0,Homemaker,9,7
984,985,Female,40,164350.0,23.0,Healthcare,0,5
985,986,Male,36,55109.0,53.0,Artist,8,3
986,987,Female,12,67613.0,40.0,Entertainment,1,2
987,988,Female,60,185306.0,47.0,Entertainment,0,2
988,989,Female,24,154787.0,84.0,Executive,3,5
989,990,Female,17,109759.0,96.0,Artist,9,3
990,991,Female,92,114571.0,51.0,Executive,1,3
991,992,Male,32,130697.0,93.0,Artist,1,2
992,993,Male,39,115916.0,24.0,Doctor,13,6
993,994,Female,50,69814.0,53.0,Artist,9,2
994,995,Female,85,118161.0,74.0,Engineer,0,4
995,996,Male,65,56583.0,65.0,Healthcare,2,3
996,997,Female,17,185843.0,36.0,Artist,4,3
997,998,Female,31,171825.0,22.0,Entertainment,10,4
998,999,Male,24,77976.0,95.0,Artist,11,3
999,1000,Male,97,66312.0,75.0,Entertainment,0,1
1000,1001,Female,92,81839.0,11.0,Entertainment,0,4
1001,1002,Female,80,55712.0,5.0,Artist,5,6
1002,1003,Male,33,158335.0,45.0,Healthcare,2,5
1003,1004,Male,8,74253.0,45.0,Lawyer,1,6
1004,1005,Male,67,119625.0,3.0,Healthcare,4,4
1005,1006,Female,8,129743.0,6.0,Artist,0,2
1006,1007,Female,61,101007.0,60.0,Lawyer,0,6
1007,1008,Male,83,87529.0,49.0,Artist,9,7
1008,1009,Male,8,151648.0,98.0,Healthcare,8,6
1009,1010,Male,69,61637.0,67.0,,0,5
1010,1011,Male,14,164659.0,59.0,Entertainment,1,6
1011,1012,Female,80,125623.0,62.0,Executive,0,4
1012,1013,Female,85,104054.0,22.0,Artist,8,4
1013,1014,Male,88,83535.0,56.0,Artist,1,5
1014,1015,Female,76,166245.0,13.0,Executive,7,3
1015,1016,Female,32,100890.0,60.0,Entertainment,4,4
1016,1017,Female,99,55972.0,83.0,Entertainment,1,7
1017,1018,Female,85,134282.0,39.0,Artist,2,5
1018,1019,Female,25,106669.0,22.0,Lawyer,1,7
1019,1020,Female,99,145777.0,94.0,Executive,1,5
1020,1021,Male,41,119259.0,91.0,Healthcare,1,5
1021,1022,Female,1,150174.0,59.0,Artist,2,2
1022,1023,Female,45,55472.0,51.0,Healthcare,1,3
1023,1024,Male,55,99423.0,82.0,Healthcare,0,5
1024,1025,Female,20,146221.0,25.0,Marketing,0,3
1025,1026,Female,33,84238.0,31.0,Artist,1,2
1026,1027,Male,92,57032.0,75.0,Entertainment,1,5
1027,1028,Male,93,88811.0,52.0,Engineer,0,4
1028,1029,Male,60,167420.0,38.0,Artist,5,2
1029,1030,Male,38,101846.0,17.0,Doctor,3,2
1030,1031,Male,15,114061.0,87.0,Artist,2,5
1031,1032,Male,74,147449.0,16.0,Artist,1,5
1032,1033,Female,47,83043.0,76.0,Executive,0,1
1033,1034,Female,96,168990.0,81.0,Doctor,9,5
1034,1035,Male,97,73867.0,65.0,Healthcare,4,5
1035,1036,Female,35,165772.0,51.0,Healthcare,1,4
1036,1037,Female,19,178217.0,38.0,Marketing,0,3
1037,1038,Male,60,162612.0,98.0,Engineer,1,6
1038,1039,Male,37,99872.0,53.0,Entertainment,11,3
1039,1040,Female,49,142566.0,77.0,Artist,1,7
1040,1041,Female,1,111424.0,80.0,Entertainment,8,5
1041,1042,Male,43,187841.0,38.0,Artist,1,4
1042,1043,Female,46,171921.0,50.0,Artist,1,6
1043,1044,Female,65,115299.0,87.0,Artist,6,3
1044,1045,Male,75,94129.0,27.0,Healthcare,6,7
1045,1046,Male,40,172378.0,39.0,Entertainment,5,6
1046,1047,Male,28,146597.0,31.0,Engineer,1,4
1047,1048,Female,78,64057.0,44.0,Doctor,0,3
1048,1049,Female,22,163585.0,49.0,Artist,9,5
1049,1050,Male,6,93186.0,83.0,Entertainment,1,3
1050,1051,Male,46,149764.0,1.0,Entertainment,0,6
1051,1052,Male,17,116822.0,84.0,Doctor,1,3
1052,1053,Female,46,109346.0,37.0,Entertainment,1,2
1053,1054,Female,72,111587.0,99.0,Artist,7,4
1054,1055,Female,38,166644.0,66.0,Artist,8,6
1055,1056,Female,50,181270.0,56.0,Artist,1,1
1056,1057,Male,47,65207.0,81.0,Healthcare,1,2
1057,1058,Female,72,112146.0,21.0,Homemaker,8,4
1058,1059,Male,8,104953.0,57.0,Doctor,1,6
1059,1060,Female,34,139009.0,24.0,Artist,0,4
1060,1061,Female,53,67916.0,82.0,Healthcare,0,6
1061,1062,Female,82,99983.0,88.0,Executive,0,1
1062,1063,Male,63,131122.0,40.0,Artist,9,6
1063,1064,Female,58,173190.0,37.0,Doctor,9,4
1064,1065,Male,23,122712.0,21.0,Marketing,1,1
1065,1066,Female,80,55792.0,30.0,Artist,1,6
1066,1067,Male,45,73892.0,45.0,Doctor,1,4
1067,1068,Female,30,78821.0,46.0,,1,4
1068,1069,Female,84,152475.0,12.0,Artist,0,7
1069,1070,Male,45,152226.0,87.0,Artist,4,4
1070,1071,Male,85,117679.0,18.0,Entertainment,1,3
1071,1072,Male,23,146473.0,87.0,Artist,1,4
1072,1073,Male,79,66051.0,75.0,Healthcare,1,7
1073,1074,Male,47,162332.0,72.0,Entertainment,1,5
1074,1075,Female,93,166018.0,71.0,Doctor,0,3
1075,1076,Female,95,67398.0,81.0,Entertainment,2,5
1076,1077,Male,44,73760.0,70.0,Entertainment,1,6
1077,1078,Male,95,167578.0,66.0,Entertainment,0,1
1078,1079,Male,28,130267.0,45.0,Engineer,8,4
1079,1080,Male,91,94846.0,95.0,Engineer,0,5
1080,1081,Female,81,155396.0,1.0,Engineer,9,5
1081,1082,Female,90,138013.0,16.0,Artist,8,7
1082,1083,Male,79,148286.0,77.0,Entertainment,0,4
1083,1084,Female,6,101031.0,28.0,Artist,1,1
1084,1085,Female,38,52884.0,24.0,Lawyer,1,1
1085,1086,Male,87,153230.0,15.0,Healthcare,8,1
1086,1087,Female,93,63261.0,13.0,Engineer,1,7
1087,1088,Male,44,90167.0,84.0,Engineer,0,3
1088,1089,Female,10,162076.0,78.0,,0,3
1089,1090,Female,84,53622.0,27.0,Artist,0,3
1090,1091,Female,7,172913.0,94.0,Executive,3,4
1091,1092,Female,41,94316.0,86.0,Artist,0,6
1092,1093,Male,87,141383.0,3.0,,7,5
1093,1094,Female,33,67874.0,55.0,Artist,0,2
1094,1095,Female,34,176554.0,62.0,Healthcare,1,2
1095,1096,Female,53,135341.0,56.0,Healthcare,10,2
1096,1097,Female,47,129019.0,57.0,Healthcare,0,3
1097,1098,Male,53,107879.0,3.0,Doctor,1,6
1098,1099,Male,92,79531.0,4.0,Artist,1,1
1099,1100,Male,89,63379.0,59.0,Artist,12,7
1100,1101,Female,27,156258.0,54.0,Entertainment,0,4
1101,1102,Male,70,67874.0,41.0,Entertainment,9,3
1102,1103,Female,86,159964.0,57.0,Engineer,5,6
1103,1104,Female,99,103706.0,50.0,Entertainment,1,2
1104,1105,Female,96,64713.0,84.0,Entertainment,2,7
1105,1106,Female,65,90414.0,55.0,Artist,1,5
1106,1107,Female,82,171100.0,34.0,Executive,0,5
1107,1108,Male,36,187305.0,85.0,Engineer,6,7
1108,1109,Female,30,139758.0,46.0,Lawyer,0,6
1109,1110,Female,96,91226.0,56.0,Healthcare,0,5
1110,1111,Female,69,143928.0,30.0,Engineer,9,7
1111,1112,Female,34,92366.0,14.0,Healthcare,0,6
1112,1113,Male,74,175041.0,25.0,Artist,4,1
1113,1114,Male,97,147301.0,93.0,Lawyer,1,5
1114,1115,Male,56,119296.0,49.0,Engineer,0,7
1115,1116,Female,30,126306.0,44.0,Artist,0,1
1116,1117,Male,13,100647.0,49.0,Executive,1,3
1117,1118,Female,95,168663.0,16.0,Engineer,11,5
1118,1119,Female,2,105391.0,42.0,Executive,1,7
1119,1120,Female,78,175179.0,43.0,Executive,9,4
1120,1121,Female,54,165019.0,12.0,Entertainment,1,2
1121,1122,Female,85,68212.0,26.0,Healthcare,7,4
1122,1123,Male,13,64572.0,71.0,Artist,1,2
1123,1124,Female,85,92591.0,99.0,Artist,8,2
1124,1125,Female,41,69730.0,97.0,Artist,1,4
1125,1126,Female,25,156793.0,57.0,Marketing,2,4
1126,1127,Female,74,56848.0,41.0,Artist,5,1
1127,1128,Male,8,148450.0,55.0,Healthcare,0,6
1128,1129,Male,62,150619.0,32.0,Artist,10,6
1129,1130,Male,52,100261.0,10.0,Artist,1,6
1130,1131,Female,36,109895.0,56.0,Healthcare,5,2
1131,1132,Male,11,152684.0,24.0,Lawyer,0,3
1132,1133,Female,84,133765.0,83.0,Artist,1,3
1133,1134,Female,99,57677.0,99.0,Lawyer,0,5
1134,1135,Female,51,112358.0,27.0,Artist,0,6
1135,1136,Female,57,73845.0,52.0,Artist,1,7
1136,1137,Male,92,89531.0,42.0,Healthcare,6,2
1137,1138,Male,29,118092.0,100.0,Entertainment,7,3
1138,1139,Male,62,144242.0,49.0,Entertainment,1,4
1139,1140,Female,43,140876.0,90.0,Entertainment,0,4
1140,1141,Male,72,76888.0,26.0,Marketing,0,1
1141,1142,Female,28,116644.0,88.0,Artist,6,3
1142,1143,Female,57,143021.0,3.0,Executive,5,4
1143,1144,Female,86,145679.0,91.0,Lawyer,9,6
1144,1145,Female,26,64398.0,7.0,Lawyer,1,6
1145,1146,Female,13,104512.0,40.0,Marketing,9,3
1146,1147,Male,1,71564.0,68.0,Artist,1,5
1147,1148,Female,89,122707.0,64.0,Homemaker,2,3
1148,1149,Female,91,51733.0,96.0,Healthcare,0,5
1149,1150,Female,67,138087.0,63.0,Marketing,1,7
1150,1151,Male,63,147278.0,51.0,Lawyer,0,4
1151,1152,Female,90,187339.0,62.0,Healthcare,0,6
1152,1153,Female,87,129972.0,97.0,Executive,1,6
1153,1154,Female,89,151176.0,55.0,Healthcare,1,2
1154,1155,Female,34,74358.0,60.0,Artist,0,6
1155,1156,Male,89,83953.0,82.0,Healthcare,0,3
1156,1157,Male,31,62925.0,24.0,Engineer,1,6
1157,1158,Male,55,65257.0,93.0,Doctor,2,3
1158,1159,Female,3,188557.0,4.0,Healthcare,9,2
1159,1160,Male,64,163783.0,84.0,Healthcare,3,1
1160,1161,Female,1,108342.0,97.0,Doctor,0,3
1161,1162,Female,20,155951.0,21.0,Healthcare,7,4
1162,1163,Female,18,183071.0,29.0,Artist,7,4
1163,1164,Female,83,124104.0,20.0,Healthcare,4,6
1164,1165,Female,21,136747.0,3.0,Healthcare,1,1
1165,1166,Male,19,189498.0,18.0,Artist,4,1
1166,1167,Female,74,76149.0,48.0,Artist,9,6
1167,1168,Female,44,185550.0,54.0,Artist,0,1
1168,1169,Female,52,119567.0,19.0,Artist,5,2
1169,1170,Female,14,79806.0,30.0,Engineer,1,6
1170,1171,Male,10,180774.0,66.0,Entertainment,1,5
1171,1172,Female,80,90142.0,50.0,Lawyer,1,2
1172,1173,Female,82,184481.0,84.0,Executive,0,2
1173,1174,Female,32,66089.0,75.0,Artist,6,3
1174,1175,Female,16,60044.0,83.0,Artist,4,1
1175,1176,Male,61,52543.0,23.0,Executive,0,6
1176,1177,Male,57,50429.0,23.0,Artist,0,1
1177,1178,Male,95,178228.0,45.0,Engineer,1,2
1178,1179,Female,38,161130.0,98.0,Artist,8,3
1179,1180,Male,70,87976.0,38.0,Lawyer,1,6
1180,1181,Female,40,179150.0,91.0,Artist,5,2
1181,1182,Female,92,163442.0,32.0,Executive,1,6
1182,1183,Female,73,108159.0,18.0,Entertainment,8,7
1183,1184,Female,62,73419.0,14.0,Healthcare,0,1
1184,1185,Female,12,138425.0,78.0,Doctor,11,6
1185,1186,Male,65,54431.0,93.0,Healthcare,1,7
1186,1187,Female,88,168437.0,81.0,Artist,2,2
1187,1188,Female,55,71322.0,54.0,Entertainment,1,6
1188,1189,Female,99,122548.0,14.0,,2,5
1189,1190,Female,20,141428.0,32.0,Entertainment,1,5
1190,1191,Male,97,142214.0,32.0,Artist,7,4
1191,1192,Female,93,62590.0,43.0,Artist,9,6
1192,1193,Male,84,172523.0,83.0,Artist,6,2
1193,1194,Female,16,157588.0,76.0,Executive,2,6
1194,1195,Female,10,143313.0,57.0,Doctor,4,7
1195,1196,Female,59,119833.0,38.0,Doctor,1,2
1196,1197,Female,54,70803.0,35.0,Entertainment,0,5
1197,1198,Male,82,139008.0,47.0,Artist,1,4
1198,1199,Male,83,126669.0,53.0,Artist,1,6
1199,1200,Male,87,122722.0,10.0,Executive,9,4
1200,1201,Male,1,79800.0,47.0,Artist,0,1
1201,1202,Male,89,100155.0,5.0,Healthcare,6,1
1202,1203,Female,32,110846.0,49.0,Artist,0,2
1203,1204,Female,1,106841.0,69.0,Entertainment,0,3
1204,1205,Female,54,117181.0,66.0,Doctor,12,5
1205,1206,Female,56,86898.0,76.0,Healthcare,0,6
1206,1207,Female,31,143241.0,81.0,Executive,4,7
1207,1208,Female,26,146028.0,33.0,Healthcare,0,5
1208,1209,Male,7,165287.0,65.0,Doctor,1,3
1209,1210,Female,60,132486.0,9.0,Artist,1,2
1210,1211,Male,92,96424.0,74.0,Artist,8,5
1211,1212,Female,93,151468.0,41.0,Artist,1,5
1212,1213,Female,8,76561.0,79.0,Healthcare,0,1
1213,1214,Female,81,125316.0,81.0,Lawyer,0,6
1214,1215,Male,21,109373.0,22.0,Entertainment,4,2
1215,1216,Male,96,135042.0,12.0,Artist,0,7
1216,1217,Female,78,59784.0,81.0,Artist,3,3
1217,1218,Male,86,140687.0,63.0,Artist,1,2
1218,1219,Male,1,182927.0,55.0,Healthcare,1,1
1219,1220,Female,62,175534.0,44.0,Artist,1,6
1220,1221,Male,68,170957.0,6.0,Lawyer,1,3
1221,1222,Male,70,81197.0,76.0,Artist,0,4
1222,1223,Female,21,104888.0,8.0,Healthcare,0,4
1223,1224,Male,74,184838.0,18.0,,8,5
1224,1225,Female,62,139588.0,66.0,Executive,0,2
1225,1226,Male,22,126543.0,45.0,Homemaker,0,3
1226,1227,Female,87,177260.0,45.0,Entertainment,14,2
1227,1228,Male,44,156823.0,42.0,Healthcare,9,5
1228,1229,Female,27,183201.0,52.0,Engineer,8,6
1229,1230,Female,95,84925.0,46.0,Artist,4,6
1230,1231,Male,89,69719.0,47.0,Artist,9,2
1231,1232,Female,41,61355.0,13.0,Healthcare,1,3
1232,1233,Male,41,156014.0,49.0,Doctor,14,5
1233,1234,Male,21,184088.0,21.0,Entertainment,11,7
1234,1235,Female,59,158372.0,98.0,Artist,1,1
1235,1236,Female,64,135742.0,67.0,Healthcare,1,7
1236,1237,Female,38,145704.0,82.0,Marketing,0,4
1237,1238,Female,70,157307.0,23.0,Executive,4,3
1238,1239,Female,25,88064.0,73.0,Executive,1,5
1239,1240,Female,3,167226.0,59.0,Homemaker,3,1
1240,1241,Female,70,153821.0,8.0,Marketing,1,4
1241,1242,Male,29,170669.0,78.0,Doctor,9,5
1242,1243,Male,88,93555.0,13.0,Artist,3,3
1243,1244,Female,20,101941.0,18.0,Healthcare,1,3
1244,1245,Female,58,78795.0,44.0,Engineer,0,6
1245,1246,Female,70,55875.0,94.0,Engineer,0,5
1246,1247,Female,44,177513.0,81.0,Lawyer,1,5
1247,1248,Female,87,100850.0,83.0,Doctor,0,3
1248,1249,Female,0,143082.0,63.0,Entertainment,0,7
1249,1250,Female,96,85447.0,4.0,Artist,9,6
1250,1251,Female,75,114213.0,33.0,Doctor,9,4
1251,1252,Male,14,161120.0,69.0,Executive,0,1
1252,1253,Female,8,186682.0,86.0,Entertainment,1,1
1253,1254,Male,58,105302.0,75.0,Doctor,0,3
1254,1255,Female,5,133400.0,47.0,Engineer,0,6
1255,1256,Male,70,56432.0,23.0,Engineer,0,5
1256,1257,Female,49,136467.0,72.0,Healthcare,3,3
1257,1258,Male,60,189945.0,20.0,Engineer,0,5
1258,1259,Female,25,163966.0,48.0,Lawyer,1,5
1259,1260,Male,47,52152.0,17.0,Artist,0,3
1260,1261,Male,53,145720.0,62.0,Homemaker,12,7
1261,1262,Male,24,188034.0,61.0,Healthcare,1,5
1262,1263,Female,46,127911.0,3.0,Homemaker,9,2
1263,1264,Female,70,174114.0,31.0,Lawyer,1,1
1264,1265,Male,53,144489.0,10.0,Artist,14,3
1265,1266,Male,63,77440.0,47.0,Lawyer,0,5
1266,1267,Female,24,86119.0,44.0,Artist,1,6
1267,1268,Female,5,100056.0,49.0,Entertainment,1,3
1268,1269,Male,7,66686.0,50.0,Artist,8,7
1269,1270,Female,71,74696.0,41.0,Doctor,1,6
1270,1271,Male,23,65641.0,50.0,Entertainment,4,5
1271,1272,Female,0,61228.0,81.0,Entertainment,1,6
1272,1273,Female,2,138529.0,87.0,Healthcare,0,4
1273,1274,Female,72,152405.0,4.0,Artist,1,4
1274,1275,Male,18,157757.0,84.0,Doctor,0,4
1275,1276,Male,11,166361.0,59.0,Engineer,6,4
1276,1277,Female,95,67227.0,30.0,Artist,1,7
1277,1278,Male,20,161156.0,88.0,Engineer,0,4
1278,1279,Female,58,170647.0,70.0,Healthcare,1,7
1279,1280,Female,67,161646.0,36.0,Healthcare,0,2
1280,1281,Male,43,98016.0,18.0,Healthcare,9,6
1281,1282,Male,36,50526.0,19.0,Artist,0,6
1282,1283,Male,2,175208.0,43.0,Executive,8,4
1283,1284,Female,35,97721.0,48.0,Engineer,0,7
1284,1285,Female,81,142013.0,81.0,Entertainment,3,4
1285,1286,Male,84,166737.0,76.0,Artist,0,3
1286,1287,Female,18,62651.0,13.0,Entertainment,0,2
1287,1288,Female,54,179546.0,4.0,Homemaker,8,4
1288,1289,Female,98,51866.0,81.0,Artist,12,7
1289,1290,Female,75,86297.0,42.0,Executive,9,4
1290,1291,Female,98,65031.0,23.0,Artist,0,4
1291,1292,Male,94,69383.0,25.0,Entertainment,0,2
1292,1293,Male,24,70733.0,63.0,Artist,5,3
1293,1294,Female,47,187898.0,89.0,Artist,6,2
1294,1295,Female,40,116001.0,55.0,Engineer,1,4
1295,1296,Male,68,87040.0,4.0,Artist,9,1
1296,1297,Female,18,180956.0,74.0,Artist,2,2
1297,1298,Female,83,115517.0,82.0,Healthcare,0,6
1298,1299,Male,34,76979.0,46.0,Lawyer,1,3
1299,1300,Male,81,50798.0,56.0,Artist,10,5
1300,1301,Female,61,146350.0,43.0,Artist,1,3
1301,1302,Female,77,81112.0,61.0,Healthcare,5,3
1302,1303,Male,52,80605.0,20.0,Doctor,1,6
1303,1304,Male,40,171949.0,11.0,Doctor,1,6
1304,1305,Male,93,159006.0,26.0,Artist,8,6
1305,1306,Female,45,177368.0,96.0,Healthcare,1,2
1306,1307,Female,83,187643.0,3.0,Artist,1,1
1307,1308,Male,23,93841.0,25.0,Lawyer,0,7
1308,1309,Male,15,131061.0,92.0,Healthcare,0,7
1309,1310,Male,79,146130.0,20.0,Entertainment,6,6
1310,1311,Male,80,84471.0,79.0,Doctor,1,5
1311,1312,Female,35,144485.0,15.0,Entertainment,0,4
1312,1313,Female,39,158638.0,78.0,Healthcare,2,5
1313,1314,Male,4,96693.0,28.0,Entertainment,0,4
1314,1315,Female,83,129507.0,93.0,Healthcare,4,7
1315,1316,Female,94,114510.0,39.0,Healthcare,0,4
1316,1317,Female,33,109396.0,17.0,,1,2
1317,1318,Female,12,149031.0,96.0,Artist,10,5
1318,1319,Female,77,66256.0,13.0,Lawyer,1,2
1319,1320,Female,48,118285.0,69.0,Doctor,8,4
1320,1321,Male,97,128723.0,58.0,Artist,4,5
1321,1322,Female,28,178285.0,91.0,Artist,4,7
1322,1323,Female,99,144176.0,74.0,Marketing,7,2
1323,1324,Male,27,82474.0,31.0,Artist,9,3
1324,1325,Female,95,159010.0,84.0,Lawyer,6,2
1325,1326,Female,6,76164.0,83.0,Artist,6,2
1326,1327,Male,18,77873.0,49.0,Executive,6,5
1327,1328,Male,42,53392.0,89.0,Artist,6,4
1328,1329,Male,50,168898.0,41.0,Artist,9,7
1329,1330,Male,86,128917.0,7.0,Homemaker,5,5
1330,1331,Male,69,185067.0,49.0,Lawyer,5,4
1331,1332,Male,23,132183.0,76.0,Artist,10,3
1332,1333,Female,82,82060.0,46.0,Healthcare,7,1
1333,1334,Female,97,133614.0,58.0,Artist,7,4
1334,1335,Male,42,94844.0,64.0,,7,6
1335,1336,Female,75,76474.0,5.0,Doctor,5,5
1336,1337,Female,14,94655.0,9.0,Healthcare,8,1
1337,1338,Male,3,60933.0,30.0,Doctor,8,1
1338,1339,Male,16,79257.0,82.0,Healthcare,6,2
1339,1340,Female,45,125677.0,36.0,Entertainment,5,2
1340,1341,Female,23,127971.0,56.0,Artist,1,5
1341,1342,Male,38,76103.0,62.0,Executive,9,3
1342,1343,Female,45,114741.0,96.0,Artist,0,5
1343,1344,Female,82,157994.0,92.0,Artist,1,1
1344,1345,Male,73,93786.0,44.0,Entertainment,3,1
1345,1346,Male,36,75178.0,41.0,Entertainment,1,7
1346,1347,Male,13,175267.0,81.0,Healthcare,1,4
1347,1348,Female,96,99263.0,100.0,Healthcare,8,1
1348,1349,Female,83,52590.0,3.0,Healthcare,0,4
1349,1350,Male,33,170959.0,75.0,Artist,0,4
1350,1351,Male,68,135076.0,60.0,Engineer,1,5
1351,1352,Male,88,167112.0,34.0,Lawyer,0,1
1352,1353,Female,87,184639.0,12.0,Doctor,1,6
1353,1354,Female,88,172369.0,80.0,Artist,6,6
1354,1355,Female,43,124256.0,67.0,Marketing,1,7
1355,1356,Female,64,89972.0,92.0,Artist,10,6
1356,1357,Male,96,67799.0,42.0,Entertainment,1,6
1357,1358,Female,72,176074.0,70.0,Doctor,1,7
1358,1359,Male,48,167517.0,27.0,Artist,2,7
1359,1360,Female,64,77914.0,11.0,Artist,1,6
1360,1361,Female,8,57605.0,81.0,Doctor,0,2
1361,1362,Female,52,86365.0,70.0,Engineer,1,7
1362,1363,Male,3,93883.0,39.0,Healthcare,1,2
1363,1364,Female,44,131091.0,62.0,Artist,4,1
1364,1365,Male,14,87222.0,14.0,Healthcare,8,4
1365,1366,Female,50,117076.0,45.0,Doctor,1,2
1366,1367,Male,53,150925.0,1.0,Healthcare,1,2
1367,1368,Female,31,149379.0,100.0,Lawyer,0,3
1368,1369,Female,31,138644.0,94.0,Engineer,4,3
1369,1370,Male,97,148493.0,42.0,Doctor,4,7
1370,1371,Male,27,84658.0,66.0,Lawyer,4,6
1371,1372,Male,2,111618.0,99.0,Lawyer,6,5
1372,1373,Male,81,108759.0,60.0,Artist,7,6
1373,1374,Male,64,186203.0,73.0,Artist,10,5
1374,1375,Female,11,147258.0,59.0,Lawyer,10,2
1375,1376,Female,78,132983.0,67.0,Healthcare,7,7
1376,1377,Male,72,149092.0,39.0,Engineer,8,1
1377,1378,Male,36,163845.0,84.0,Doctor,5,7
1378,1379,Male,97,117777.0,67.0,Artist,5,5
1379,1380,Male,88,131584.0,18.0,Artist,7,3
1380,1381,Female,21,123904.0,91.0,Artist,7,5
1381,1382,Female,62,89801.0,88.0,Artist,5,4
1382,1383,Male,73,173466.0,57.0,Entertainment,10,5
1383,1384,Female,34,55690.0,4.0,Marketing,4,6
1384,1385,Female,50,104467.0,72.0,,5,1
1385,1386,Male,39,100419.0,19.0,Artist,5,4
1386,1387,Female,82,62951.0,47.0,Lawyer,8,2
1387,1388,Male,39,118554.0,1.0,Lawyer,4,6
1388,1389,Female,13,140673.0,49.0,Artist,6,7
1389,1390,Female,68,75561.0,87.0,Healthcare,5,3
1390,1391,Female,77,147306.0,50.0,Healthcare,6,6
1391,1392,Female,35,111871.0,30.0,Doctor,10,1
1392,1393,Male,5,112884.0,43.0,Healthcare,0,6
1393,1394,Female,47,121267.0,58.0,Engineer,1,1
1394,1395,Female,48,151519.0,93.0,Artist,7,2
1395,1396,Female,34,105448.0,40.0,Artist,0,5
1396,1397,Female,20,92048.0,91.0,Healthcare,1,1
1397,1398,Male,61,99980.0,94.0,Healthcare,10,1
1398,1399,Male,16,84003.0,68.0,Artist,9,6
1399,1400,Male,2,110889.0,95.0,Executive,1,2
1400,1401,Female,52,82478.0,95.0,Executive,10,1
1401,1402,Male,99,139685.0,20.0,Healthcare,1,4
1402,1403,Female,84,182374.0,62.0,Entertainment,0,6
1403,1404,Female,58,119366.0,94.0,Engineer,4,2
1404,1405,Female,91,53788.0,57.0,Doctor,0,2
1405,1406,Female,1,90341.0,92.0,Doctor,0,2
1406,1407,Female,67,118348.0,94.0,Engineer,1,7
1407,1408,Male,56,137428.0,87.0,Artist,0,2
1408,1409,Female,62,106982.0,53.0,Entertainment,1,7
1409,1410,Female,12,98532.0,52.0,Doctor,0,6
1410,1411,Female,38,120825.0,24.0,Executive,9,7
1411,1412,Female,51,58006.0,83.0,Executive,1,5
1412,1413,Male,20,106941.0,73.0,Artist,1,1
1413,1414,Male,43,129782.0,31.0,Entertainment,1,2
1414,1415,Male,93,121513.0,90.0,Engineer,0,6
1415,1416,Female,54,79925.0,30.0,Healthcare,0,3
1416,1417,Male,23,112089.0,74.0,Healthcare,7,7
1417,1418,Female,1,138656.0,27.0,,3,4
1418,1419,Female,64,146794.0,90.0,Healthcare,8,3
1419,1420,Female,55,75033.0,30.0,Engineer,5,5
1420,1421,Female,85,149969.0,78.0,Executive,0,6
1421,1422,Female,20,124852.0,39.0,Healthcare,5,5
1422,1423,Male,73,154837.0,42.0,Executive,8,4
1423,1424,Female,53,145678.0,55.0,Executive,0,1
1424,1425,Female,7,137354.0,89.0,Artist,8,7
1425,1426,Female,50,136660.0,48.0,Entertainment,1,3
1426,1427,Female,12,63334.0,99.0,Artist,0,6
1427,1428,Male,37,62893.0,29.0,Executive,1,5
1428,1429,Male,78,163514.0,89.0,Doctor,9,2
1429,1430,Male,29,145934.0,40.0,Marketing,10,2
1430,1431,Female,54,119223.0,58.0,Lawyer,10,7
1431,1432,Male,89,127479.0,18.0,Doctor,10,2
1432,1433,Female,25,136146.0,98.0,Artist,6,6
1433,1434,Female,14,76001.0,46.0,Artist,7,3
1434,1435,Female,12,84885.0,24.0,Healthcare,6,2
1435,1436,Female,18,82812.0,1.0,Artist,6,2
1436,1437,Male,74,51260.0,43.0,Entertainment,5,5
1437,1438,Male,21,159572.0,42.0,Healthcare,5,5
1438,1439,Male,9,130186.0,88.0,Artist,9,7
1439,1440,Female,49,176954.0,57.0,Artist,5,6
1440,1441,Male,58,85908.0,99.0,Artist,5,4
1441,1442,Female,16,75831.0,5.0,Healthcare,10,7
1442,1443,Female,55,123045.0,56.0,Engineer,7,3
1443,1444,Female,31,161211.0,10.0,Lawyer,9,1
1444,1445,Female,59,81702.0,27.0,Marketing,6,4
1445,1446,Female,25,173043.0,3.0,Artist,8,6
1446,1447,Male,63,126380.0,90.0,Artist,6,1
1447,1448,Female,60,128205.0,27.0,Healthcare,6,5
1448,1449,Female,41,181355.0,73.0,Artist,10,3
1449,1450,Female,84,97931.0,70.0,Healthcare,9,7
1450,1451,Male,72,146432.0,25.0,Artist,6,1
1451,1452,Female,97,125731.0,41.0,Artist,6,4
1452,1453,Female,43,132701.0,70.0,Healthcare,5,2
1453,1454,Female,63,116095.0,8.0,Artist,5,1
1454,1455,Female,7,135773.0,42.0,Artist,9,5
1455,1456,Male,54,136417.0,45.0,Healthcare,9,6
1456,1457,Male,27,80783.0,82.0,Artist,9,3
1457,1458,Male,28,182580.0,60.0,Executive,6,6
1458,1459,Female,84,143567.0,48.0,Artist,7,2
1459,1460,Male,71,85908.0,85.0,Entertainment,5,4
1460,1461,Female,88,139806.0,99.0,Entertainment,4,4
1461,1462,Female,75,77269.0,24.0,Artist,8,1
1462,1463,Female,96,105968.0,65.0,Engineer,4,5
1463,1464,Female,83,125660.0,19.0,Engineer,10,4
1464,1465,Female,86,98444.0,76.0,Entertainment,7,4
1465,1466,Male,60,179503.0,9.0,Artist,4,3
1466,1467,Female,5,60575.0,14.0,Engineer,5,2
1467,1468,Female,65,75685.0,19.0,Marketing,7,3
1468,1469,Female,49,85374.0,45.0,Artist,8,5
1469,1470,Female,78,128642.0,19.0,Marketing,5,6
1470,1471,Male,25,182292.0,78.0,Artist,7,5
1471,1472,Female,5,124702.0,94.0,Artist,10,3
1472,1473,Female,58,127833.0,2.0,Artist,7,7
1473,1474,Female,80,178866.0,97.0,Artist,8,4
1474,1475,Female,94,183643.0,51.0,Artist,5,5
1475,1476,Male,62,113306.0,4.0,Executive,5,6
1476,1477,Male,20,84008.0,77.0,Artist,8,4
1477,1478,Male,85,85758.0,35.0,Lawyer,10,4
1478,1479,Female,72,63128.0,45.0,Engineer,8,7
1479,1480,Male,95,70174.0,6.0,Executive,10,6
1480,1481,Female,97,170133.0,42.0,Engineer,5,5
1481,1482,Female,25,165978.0,42.0,Artist,7,3
1482,1483,Female,17,149727.0,78.0,Artist,7,3
1483,1484,Female,19,147052.0,86.0,,9,4
1484,1485,Female,59,113389.0,79.0,Doctor,4,6
1485,1486,Male,30,111690.0,73.0,Entertainment,10,4
1486,1487,Female,63,184830.0,60.0,Doctor,9,3
1487,1488,Female,23,91549.0,23.0,Artist,4,3
1488,1489,Female,97,94629.0,17.0,Marketing,6,3
1489,1490,Female,97,167558.0,99.0,Artist,4,7
1490,1491,Male,94,119189.0,57.0,Artist,9,3
1491,1492,Female,28,96207.0,67.0,Artist,5,5
1492,1493,Male,21,85339.0,6.0,Doctor,4,7
1493,1494,Female,25,111942.0,7.0,Artist,5,5
1494,1495,Female,48,157003.0,45.0,Engineer,5,4
1495,1496,Female,53,117123.0,23.0,Artist,9,7
1496,1497,Female,97,172747.0,76.0,Artist,7,2
1497,1498,Male,33,157358.0,52.0,Healthcare,7,4
1498,1499,Male,5,156655.0,20.0,Entertainment,4,5
1499,1500,Male,72,166043.0,93.0,Doctor,7,6
1500,1501,Male,40,67768.0,15.0,Doctor,10,6
1501,1502,Male,34,171353.0,34.0,Doctor,8,4
1502,1503,Female,63,116971.0,76.0,Executive,7,5
1503,1504,Female,85,97822.0,38.0,Doctor,5,3
1504,1505,Female,86,117203.0,83.0,Healthcare,10,3
1505,1506,Female,63,88720.0,100.0,Artist,10,1
1506,1507,Female,9,173233.0,18.0,,5,1
1507,1508,Female,76,139447.0,36.0,Artist,8,7
1508,1509,Male,19,179269.0,93.0,Entertainment,6,3
1509,1510,Female,84,136254.0,90.0,Engineer,5,6
1510,1511,Male,38,174594.0,56.0,Executive,8,2
1511,1512,Female,1,100429.0,19.0,Entertainment,9,1
1512,1513,Female,30,73107.0,48.0,Artist,9,1
1513,1514,Female,86,98344.0,25.0,Artist,6,6
1514,1515,Male,21,163509.0,21.0,Healthcare,10,1
1515,1516,Male,15,116204.0,16.0,Engineer,8,2
1516,1517,Female,87,95853.0,53.0,Healthcare,9,1
1517,1518,Male,40,156411.0,70.0,Artist,6,5
1518,1519,Male,2,72889.0,36.0,Homemaker,5,7
1519,1520,Female,63,106691.0,79.0,Healthcare,9,3
1520,1521,Male,26,144832.0,42.0,Artist,5,3
1521,1522,Male,29,132297.0,53.0,Entertainment,8,1
1522,1523,Female,7,170345.0,3.0,Executive,9,5
1523,1524,Male,28,157383.0,13.0,Lawyer,8,2
1524,1525,Female,99,150782.0,18.0,Executive,8,2
1525,1526,Male,69,143987.0,87.0,Healthcare,10,5
1526,1527,Female,13,129659.0,59.0,Entertainment,6,7
1527,1528,Male,73,104826.0,36.0,Healthcare,5,1
1528,1529,Female,4,181471.0,59.0,Healthcare,10,4
1529,1530,Female,42,152547.0,56.0,Artist,7,4
1530,1531,Male,43,85347.0,9.0,Doctor,1,1
1531,1532,Female,79,122828.0,32.0,Executive,0,5
1532,1533,Male,18,107794.0,17.0,Engineer,0,5
1533,1534,Male,39,152566.0,11.0,Entertainment,1,7
1534,1535,Female,41,91715.0,99.0,Entertainment,0,3
1535,1536,Female,60,99222.0,48.0,Artist,1,6
1536,1537,Female,39,70280.0,99.0,Engineer,0,4
1537,1538,Female,90,70030.0,86.0,Healthcare,1,2
1538,1539,Female,83,102083.0,24.0,Artist,1,1
1539,1540,Female,92,166163.0,87.0,Engineer,8,5
1540,1541,Female,6,182871.0,27.0,Engineer,8,6
1541,1542,Male,50,187545.0,61.0,Executive,4,6
1542,1543,Male,90,182910.0,86.0,Entertainment,0,1
1543,1544,Female,13,174530.0,30.0,Lawyer,1,6
1544,1545,Female,27,115438.0,37.0,Artist,0,6
1545,1546,Female,93,93964.0,80.0,Artist,4,2
1546,1547,Female,61,180341.0,75.0,Healthcare,1,3
1547,1548,Female,91,107323.0,1.0,Engineer,7,7
1548,1549,Female,79,119435.0,55.0,Entertainment,0,7
1549,1550,Female,80,68341.0,22.0,Artist,13,6
1550,1551,Female,16,95365.0,60.0,Artist,0,5
1551,1552,Male,4,131093.0,79.0,Lawyer,1,7
1552,1553,Female,34,100621.0,3.0,Healthcare,1,1
1553,1554,Male,10,116521.0,47.0,Doctor,0,2
1554,1555,Female,3,136316.0,88.0,Executive,0,3
1555,1556,Male,96,172039.0,51.0,Lawyer,0,6
1556,1557,Female,48,70844.0,22.0,Entertainment,0,3
1557,1558,Male,25,100964.0,96.0,Marketing,1,6
1558,1559,Female,98,128037.0,39.0,Entertainment,6,2
1559,1560,Male,84,97081.0,75.0,Marketing,1,3
1560,1561,Male,88,92247.0,47.0,Marketing,0,6
1561,1562,Male,86,129914.0,92.0,Artist,1,3
1562,1563,Female,0,94014.0,53.0,Engineer,9,5
1563,1564,Female,56,138864.0,93.0,Artist,0,5
1564,1565,Male,6,169299.0,46.0,Marketing,1,5
1565,1566,Male,2,119097.0,40.0,Healthcare,0,7
1566,1567,Female,73,68161.0,23.0,Doctor,1,2
1567,1568,Female,38,181108.0,32.0,Homemaker,1,1
1568,1569,Male,37,87764.0,59.0,Engineer,9,7
1569,1570,Female,41,102543.0,54.0,Artist,7,3
1570,1571,Male,94,139417.0,13.0,Artist,1,3
1571,1572,Female,57,81802.0,29.0,Homemaker,9,1
1572,1573,Female,96,102788.0,51.0,Artist,0,1
1573,1574,Female,59,163179.0,19.0,Healthcare,1,7
1574,1575,Male,87,71318.0,22.0,Healthcare,1,3
1575,1576,Male,55,63683.0,34.0,Healthcare,3,1
1576,1577,Female,16,189689.0,37.0,Healthcare,8,5
1577,1578,Male,82,121610.0,36.0,Artist,0,5
1578,1579,Female,83,150682.0,25.0,Artist,1,1
1579,1580,Female,96,124550.0,46.0,Marketing,0,3
1580,1581,Male,55,148875.0,99.0,Artist,0,4
1581,1582,Male,6,107117.0,44.0,Artist,1,3
1582,1583,Male,33,109223.0,43.0,Engineer,1,5
1583,1584,Female,0,120899.0,7.0,Marketing,2,6
1584,1585,Female,27,101948.0,31.0,Artist,0,5
1585,1586,Male,72,143169.0,58.0,Engineer,0,4
1586,1587,Female,13,167619.0,4.0,Healthcare,7,6
1587,1588,Female,19,181795.0,59.0,Healthcare,3,5
1588,1589,Female,48,186445.0,41.0,Engineer,0,1
1589,1590,Female,58,102205.0,24.0,Artist,1,1
1590,1591,Female,21,52326.0,69.0,Healthcare,0,2
1591,1592,Male,91,82992.0,5.0,Entertainment,1,5
1592,1593,Male,44,145520.0,55.0,Homemaker,1,7
1593,1594,Female,80,104820.0,96.0,Artist,2,4
1594,1595,Female,28,69025.0,79.0,Entertainment,0,2
1595,1596,Male,74,164976.0,89.0,Entertainment,0,4
1596,1597,Female,79,178576.0,51.0,Executive,5,5
1597,1598,Female,42,72415.0,52.0,Marketing,0,5
1598,1599,Male,80,112146.0,24.0,Entertainment,0,3
1599,1600,Male,8,144830.0,43.0,Artist,0,1
1600,1601,Female,24,51661.0,79.0,Entertainment,0,7
1601,1602,Female,71,152910.0,90.0,Artist,1,6
1602,1603,Male,1,114556.0,64.0,Entertainment,0,7
1603,1604,Male,0,143455.0,62.0,Healthcare,1,6
1604,1605,Male,30,173096.0,92.0,Healthcare,0,3
1605,1606,Female,52,121172.0,97.0,Healthcare,5,4
1606,1607,Female,34,56492.0,15.0,Homemaker,8,1
1607,1608,Male,64,156422.0,39.0,Entertainment,1,7
1608,1609,Male,17,131863.0,94.0,Artist,1,7
1609,1610,Male,71,118096.0,36.0,Lawyer,0,3
1610,1611,Male,87,149685.0,30.0,Executive,9,6
1611,1612,Female,68,89765.0,28.0,Artist,0,7
1612,1613,Female,14,177701.0,49.0,Entertainment,0,6
1613,1614,Male,24,64738.0,67.0,Artist,0,6
1614,1615,Female,10,92734.0,28.0,Lawyer,1,4
1615,1616,Female,53,146877.0,47.0,Healthcare,4,3
1616,1617,Female,39,62935.0,60.0,Artist,0,7
1617,1618,Female,16,67178.0,17.0,Entertainment,8,3
1618,1619,Female,64,115754.0,35.0,Engineer,1,3
1619,1620,Female,41,186470.0,21.0,Artist,0,7
1620,1621,Male,16,100939.0,34.0,Healthcare,7,6
1621,1622,Female,94,86172.0,55.0,Artist,4,4
1622,1623,Female,40,184222.0,17.0,Healthcare,0,2
1623,1624,Male,81,71543.0,1.0,Entertainment,1,4
1624,1625,Female,18,174836.0,63.0,Healthcare,0,4
1625,1626,Female,78,130706.0,72.0,,3,6
1626,1627,Male,8,74407.0,100.0,Doctor,0,6
1627,1628,Male,64,130055.0,46.0,Healthcare,2,1
1628,1629,Male,45,88707.0,81.0,Healthcare,0,5
1629,1630,Male,99,162762.0,52.0,Healthcare,1,1
1630,1631,Male,59,154821.0,77.0,Doctor,0,2
1631,1632,Male,53,57248.0,66.0,Lawyer,5,5
1632,1633,Female,66,99902.0,54.0,Engineer,10,2
1633,1634,Female,1,165711.0,50.0,Artist,1,2
1634,1635,Male,73,97455.0,55.0,,6,4
1635,1636,Female,34,93866.0,43.0,Entertainment,9,2
1636,1637,Female,1,141307.0,17.0,Healthcare,1,3
1637,1638,Male,73,172011.0,9.0,Doctor,1,5
1638,1639,Male,90,68138.0,18.0,Healthcare,2,7
1639,1640,Female,32,123246.0,100.0,Homemaker,8,6
1640,1641,Female,47,124194.0,32.0,Doctor,1,7
1641,1642,Male,15,188696.0,87.0,Homemaker,8,3
1642,1643,Female,78,91213.0,84.0,Lawyer,3,5
1643,1644,Female,83,166650.0,99.0,Healthcare,1,3
1644,1645,Male,2,52727.0,60.0,Artist,1,3
1645,1646,Male,75,126469.0,86.0,Entertainment,1,2
1646,1647,Male,45,138775.0,17.0,Executive,0,7
1647,1648,Female,49,68901.0,70.0,Doctor,7,7
1648,1649,Female,41,118621.0,7.0,Homemaker,0,7
1649,1650,Male,34,109263.0,77.0,Entertainment,0,1
1650,1651,Male,82,150012.0,83.0,Healthcare,3,6
1651,1652,Male,37,133850.0,85.0,Marketing,9,3
1652,1653,Female,25,81640.0,95.0,Entertainment,1,6
1653,1654,Female,52,133214.0,1.0,Marketing,9,7
1654,1655,Female,23,186723.0,42.0,Entertainment,8,5
1655,1656,Female,96,92100.0,23.0,Artist,9,3
1656,1657,Male,5,64484.0,10.0,Homemaker,0,5
1657,1658,Female,47,69024.0,3.0,Healthcare,4,5
1658,1659,Male,81,171194.0,55.0,Artist,0,5
1659,1660,Female,4,183282.0,34.0,Artist,1,1
1660,1661,Female,8,100099.0,74.0,Healthcare,1,3
1661,1662,Female,35,164435.0,26.0,Lawyer,1,3
1662,1663,Male,67,172407.0,60.0,Doctor,9,3
1663,1664,Female,9,84781.0,14.0,Executive,1,3
1664,1665,Male,82,186130.0,61.0,Lawyer,3,7
1665,1666,Female,2,56782.0,10.0,Artist,9,5
1666,1667,Male,95,137206.0,4.0,Artist,0,4
1667,1668,Female,9,146950.0,92.0,Doctor,6,5
1668,1669,Female,99,174275.0,4.0,Healthcare,0,2
1669,1670,Male,96,97705.0,41.0,Homemaker,8,2
1670,1671,Male,92,188984.0,69.0,Lawyer,1,4
1671,1672,Male,24,119238.0,55.0,Artist,1,3
1672,1673,Male,58,87923.0,19.0,Entertainment,0,5
1673,1674,Male,15,128573.0,97.0,Executive,1,1
1674,1675,Female,13,132374.0,96.0,Marketing,0,3
1675,1676,Female,51,135164.0,75.0,Artist,9,3
1676,1677,Male,9,165194.0,10.0,Artist,8,3
1677,1678,Male,0,126060.0,92.0,Doctor,1,3
1678,1679,Male,67,89366.0,55.0,Healthcare,9,3
1679,1680,Male,58,95172.0,77.0,Healthcare,1,5
1680,1681,Female,55,95975.0,49.0,Executive,0,1
1681,1682,Female,52,165573.0,59.0,Healthcare,0,7
1682,1683,Male,83,180887.0,59.0,Entertainment,1,1
1683,1684,Female,83,142720.0,86.0,Executive,0,1
1684,1685,Female,90,113460.0,54.0,Lawyer,1,7
1685,1686,Male,87,110434.0,20.0,Artist,7,3
1686,1687,Female,67,146016.0,38.0,Artist,1,6
1687,1688,Male,81,101073.0,67.0,Executive,0,7
1688,1689,Female,36,62617.0,10.0,Artist,9,3
1689,1690,Female,51,96028.0,37.0,Artist,0,5
1690,1691,Female,31,186334.0,37.0,Artist,0,1
1691,1692,Female,57,163473.0,52.0,Artist,0,1
1692,1693,Male,83,89819.0,59.0,Artist,4,2
1693,1694,Female,51,69388.0,33.0,Engineer,3,4
1694,1695,Female,15,134748.0,76.0,Marketing,1,6
1695,1696,Female,18,149915.0,94.0,Doctor,14,1
1696,1697,Female,88,104098.0,48.0,Healthcare,1,6
1697,1698,Male,70,80160.0,10.0,Artist,8,5
1698,1699,Male,9,124125.0,91.0,Artist,1,2
1699,1700,Male,6,170226.0,31.0,Lawyer,0,3
1700,1701,Female,8,53306.0,98.0,Engineer,0,2
1701,1702,Male,55,103933.0,31.0,Executive,6,3
1702,1703,Female,69,85401.0,10.0,Entertainment,4,6
1703,1704,Female,18,53812.0,32.0,Homemaker,9,5
1704,1705,Female,13,60771.0,50.0,Entertainment,1,7
1705,1706,Female,69,56398.0,75.0,Entertainment,8,3
1706,1707,Female,69,171118.0,91.0,Engineer,9,3
1707,1708,Male,69,79806.0,73.0,Healthcare,0,5
1708,1709,Female,89,150187.0,35.0,Healthcare,0,5
1709,1710,Female,45,129455.0,14.0,Lawyer,0,3
1710,1711,Female,75,116813.0,72.0,Entertainment,10,6
1711,1712,Female,54,95734.0,39.0,Homemaker,8,7
1712,1713,Male,33,76654.0,48.0,Artist,4,1
1713,1714,Male,67,86289.0,96.0,Artist,1,5
1714,1715,Male,26,176147.0,19.0,Healthcare,0,1
1715,1716,Female,5,142351.0,97.0,Entertainment,0,7
1716,1717,Male,65,186673.0,51.0,Doctor,1,1
1717,1718,Female,94,131521.0,62.0,Artist,0,6
1718,1719,Female,95,50223.0,15.0,Entertainment,8,1
1719,1720,Female,48,74308.0,23.0,Entertainment,1,2
1720,1721,Female,41,155881.0,22.0,Lawyer,0,7
1721,1722,Female,92,168303.0,16.0,Executive,9,4
1722,1723,Male,44,182748.0,58.0,Engineer,1,7
1723,1724,Female,35,52374.0,73.0,Artist,1,1
1724,1725,Female,34,86154.0,17.0,Doctor,1,2
1725,1726,Female,52,163612.0,51.0,Executive,0,5
1726,1727,Female,64,64756.0,17.0,Marketing,10,1
1727,1728,Male,62,185257.0,58.0,Artist,1,4
1728,1729,Male,58,78669.0,75.0,Artist,1,7
1729,1730,Male,15,164520.0,47.0,Artist,1,7
1730,1731,Female,65,92135.0,49.0,Homemaker,6,4
1731,1732,Male,20,103195.0,68.0,Doctor,0,7
1732,1733,Female,21,161663.0,36.0,Executive,1,7
1733,1734,Female,79,57039.0,34.0,Artist,2,6
1734,1735,Female,91,54754.0,4.0,Artist,0,2
1735,1736,Female,92,136531.0,76.0,Engineer,1,4
1736,1737,Male,62,120838.0,79.0,Artist,1,4
1737,1738,Male,94,127927.0,48.0,Doctor,0,4
1738,1739,Male,10,164214.0,77.0,Lawyer,0,4
1739,1740,Female,53,145498.0,66.0,Artist,8,4
1740,1741,Male,7,129215.0,69.0,Entertainment,9,6
1741,1742,Female,92,152429.0,76.0,Entertainment,0,2
1742,1743,Female,12,89252.0,31.0,Entertainment,0,5
1743,1744,Female,31,147447.0,23.0,Doctor,6,7
1744,1745,Female,93,74467.0,33.0,Lawyer,5,1
1745,1746,Female,66,127410.0,37.0,Engineer,8,2
1746,1747,Male,49,91290.0,44.0,Healthcare,7,7
1747,1748,Female,64,92812.0,97.0,Artist,5,7
1748,1749,Female,27,170166.0,18.0,Artist,10,4
1749,1750,Female,33,150823.0,75.0,Artist,4,1
1750,1751,Male,79,95839.0,30.0,Executive,7,2
1751,1752,Female,14,60175.0,60.0,Executive,9,7
1752,1753,Female,22,153024.0,91.0,Artist,10,7
1753,1754,Female,8,116858.0,67.0,Artist,5,7
1754,1755,Female,6,122961.0,47.0,Doctor,8,2
1755,1756,Male,81,141471.0,45.0,Artist,8,6
1756,1757,Male,69,76155.0,14.0,Healthcare,8,7
1757,1758,Male,0,108169.0,24.0,Executive,10,3
1758,1759,Female,61,139520.0,39.0,Artist,8,4
1759,1760,Male,62,182631.0,52.0,Artist,5,3
1760,1761,Female,95,177134.0,78.0,Healthcare,10,2
1761,1762,Female,32,181703.0,54.0,Lawyer,6,2
1762,1763,Female,13,61917.0,16.0,Artist,7,2
1763,1764,Female,1,140648.0,36.0,Executive,9,7
1764,1765,Female,63,176783.0,40.0,Doctor,9,4
1765,1766,Male,75,59741.0,67.0,Artist,10,5
1766,1767,Female,43,156567.0,89.0,Engineer,7,6
1767,1768,Female,29,110309.0,21.0,Artist,6,2
1768,1769,Female,82,111077.0,55.0,Artist,9,7
1769,1770,Female,87,170333.0,96.0,Entertainment,4,2
1770,1771,Male,66,183339.0,39.0,Artist,7,4
1771,1772,Female,99,84167.0,46.0,Artist,10,7
1772,1773,Female,54,184815.0,50.0,Lawyer,6,3
1773,1774,Female,49,122556.0,74.0,Artist,9,7
1774,1775,Female,60,174768.0,66.0,Entertainment,9,2
1775,1776,Male,75,172309.0,82.0,Executive,4,1
1776,1777,Male,77,117920.0,4.0,Doctor,10,4
1777,1778,Male,34,134882.0,61.0,Artist,10,3
1778,1779,Female,63,77259.0,11.0,Lawyer,6,6
1779,1780,Male,38,170019.0,38.0,Artist,7,2
1780,1781,Female,68,176884.0,94.0,Engineer,10,2
1781,1782,Female,80,106709.0,93.0,Marketing,10,2
1782,1783,Female,8,168723.0,31.0,Homemaker,7,2
1783,1784,Female,86,90228.0,68.0,Engineer,7,5
1784,1785,Female,1,89473.0,85.0,Lawyer,10,4
1785,1786,Male,56,131911.0,42.0,Healthcare,7,7
1786,1787,Female,14,140107.0,63.0,Marketing,6,6
1787,1788,Female,4,170403.0,44.0,Artist,4,5
1788,1789,Female,58,51416.0,46.0,,7,5
1789,1790,Female,6,52648.0,2.0,Artist,5,2
1790,1791,Male,17,125471.0,48.0,Engineer,7,1
1791,1792,Female,55,106153.0,62.0,Artist,10,1
1792,1793,Male,14,124785.0,28.0,Lawyer,7,2
1793,1794,Female,22,101474.0,14.0,Homemaker,10,2
1794,1795,Female,8,141359.0,65.0,Healthcare,4,5
1795,1796,Female,70,57596.0,96.0,Artist,4,1
1796,1797,Female,67,78489.0,81.0,Artist,7,5
1797,1798,Male,50,112957.0,71.0,Executive,5,3
1798,1799,Male,72,82377.0,37.0,Engineer,9,2
1799,1800,Male,76,82315.0,53.0,Engineer,6,1
1800,1801,Male,80,93253.0,51.0,Artist,4,5
1801,1802,Male,20,189650.0,60.0,Lawyer,8,4
1802,1803,Female,89,114858.0,53.0,Artist,10,1
1803,1804,Female,18,62151.0,18.0,Artist,8,2
1804,1805,Female,75,135159.0,12.0,Engineer,7,6
1805,1806,Female,5,126263.0,55.0,Marketing,6,3
1806,1807,Female,79,123064.0,41.0,Artist,10,4
1807,1808,Female,31,181773.0,40.0,Healthcare,8,1
1808,1809,Male,92,171794.0,65.0,Artist,6,5
1809,1810,Female,15,156339.0,27.0,Homemaker,6,2
1810,1811,Male,94,65483.0,84.0,Marketing,10,7
1811,1812,Female,35,145654.0,22.0,Executive,6,3
1812,1813,Female,68,91609.0,43.0,Entertainment,8,1
1813,1814,Female,29,53002.0,73.0,Lawyer,5,5
1814,1815,Male,87,115699.0,61.0,Healthcare,9,1
1815,1816,Male,33,149609.0,44.0,Executive,9,2
1816,1817,Female,29,165254.0,7.0,Executive,9,7
1817,1818,Male,43,50418.0,49.0,Healthcare,5,1
1818,1819,Male,43,103531.0,90.0,Artist,10,5
1819,1820,Female,66,184060.0,98.0,Artist,10,5
1820,1821,Male,23,75961.0,70.0,Executive,5,7
1821,1822,Male,87,174163.0,28.0,Artist,4,2
1822,1823,Female,81,105255.0,54.0,Executive,8,3
1823,1824,Male,42,51860.0,4.0,Lawyer,4,5
1824,1825,Female,32,185218.0,83.0,Healthcare,4,6
1825,1826,Male,7,189709.0,18.0,Artist,6,6
1826,1827,Female,91,134665.0,66.0,Artist,7,2
1827,1828,Male,95,91352.0,9.0,Doctor,7,3
1828,1829,Female,10,154623.0,21.0,Artist,6,6
1829,1830,Female,20,113767.0,88.0,Artist,6,2
1830,1831,Male,5,160469.0,61.0,Lawyer,8,1
1831,1832,Female,84,99418.0,27.0,Artist,4,2
1832,1833,Male,54,56215.0,34.0,Healthcare,10,4
1833,1834,Male,12,55639.0,63.0,Healthcare,8,1
1834,1835,Female,90,62504.0,99.0,Artist,10,4
1835,1836,Female,19,151382.0,38.0,Lawyer,1,1
1836,1837,Female,91,156574.0,96.0,Marketing,0,7
1837,1838,Female,90,60998.0,35.0,Entertainment,1,7
1838,1839,Female,60,108509.0,36.0,Doctor,0,2
1839,1840,Female,68,85540.0,49.0,Homemaker,9,1
1840,1841,Female,43,73915.0,47.0,Artist,11,2
1841,1842,Male,52,148901.0,77.0,Healthcare,4,4
1842,1843,Male,81,152602.0,91.0,Entertainment,0,1
1843,1844,Female,54,58999.0,22.0,Entertainment,7,3
1844,1845,Female,43,133740.0,37.0,Artist,5,4
1845,1846,Female,20,113217.0,41.0,Lawyer,9,1
1846,1847,Female,71,60209.0,46.0,Artist,1,3
1847,1848,Female,26,145491.0,72.0,Entertainment,9,5
1848,1849,Female,75,61393.0,65.0,Doctor,7,5
1849,1850,Female,52,133252.0,55.0,Artist,1,1
1850,1851,Female,40,187234.0,14.0,Doctor,0,5
1851,1852,Male,5,145563.0,60.0,Entertainment,9,6
1852,1853,Female,46,165810.0,38.0,Healthcare,3,5
1853,1854,Male,98,125181.0,30.0,Artist,0,7
1854,1855,Female,84,56809.0,96.0,Healthcare,1,2
1855,1856,Male,35,69419.0,68.0,Healthcare,9,1
1856,1857,Female,78,70689.0,54.0,Artist,1,4
1857,1858,Male,64,55011.0,53.0,Artist,1,7
1858,1859,Female,98,87955.0,79.0,Engineer,0,2
1859,1860,Male,66,153660.0,24.0,Healthcare,0,5
1860,1861,Male,32,104494.0,28.0,Healthcare,6,4
1861,1862,Male,22,184443.0,44.0,Executive,3,7
1862,1863,Female,17,150778.0,35.0,Entertainment,1,7
1863,1864,Female,22,88729.0,81.0,Engineer,1,1
1864,1865,Male,9,151902.0,18.0,Artist,0,2
1865,1866,Male,24,51604.0,4.0,Artist,0,2
1866,1867,Female,8,157316.0,75.0,Artist,9,3
1867,1868,Female,52,125508.0,15.0,Artist,1,6
1868,1869,Male,62,186157.0,54.0,Healthcare,1,1
1869,1870,Female,37,169381.0,45.0,Entertainment,0,4
1870,1871,Male,68,110195.0,47.0,Homemaker,9,2
1871,1872,Female,63,81199.0,80.0,Entertainment,1,2
1872,1873,Female,15,58459.0,67.0,Executive,0,6
1873,1874,Female,44,173682.0,89.0,Artist,12,6
1874,1875,Male,18,162983.0,16.0,Entertainment,0,6
1875,1876,Male,30,94480.0,1.0,Executive,0,4
1876,1877,Female,69,168710.0,80.0,Doctor,1,4
1877,1878,Male,16,150193.0,83.0,Engineer,2,2
1878,1879,Female,71,91823.0,74.0,Artist,1,4
1879,1880,Female,24,173091.0,24.0,Entertainment,6,2
1880,1881,Male,57,102692.0,94.0,Healthcare,0,2
1881,1882,Male,97,156812.0,77.0,Healthcare,0,6
1882,1883,Male,68,51468.0,48.0,Artist,0,3
1883,1884,Female,11,114071.0,37.0,Healthcare,0,2
1884,1885,Female,63,155638.0,81.0,,1,4
1885,1886,Male,68,129971.0,61.0,Artist,8,3
1886,1887,Female,69,104160.0,77.0,Engineer,4,4
1887,1888,Female,77,124995.0,66.0,Healthcare,0,1
1888,1889,Female,73,180437.0,50.0,Entertainment,1,5
1889,1890,Female,19,134644.0,96.0,Executive,1,2
1890,1891,Female,1,130089.0,67.0,Artist,0,5
1891,1892,Male,71,149318.0,27.0,Artist,4,1
1892,1893,Male,6,125591.0,79.0,Healthcare,8,6
1893,1894,Female,68,173047.0,17.0,Healthcare,0,3
1894,1895,Female,39,61298.0,91.0,Artist,0,5
1895,1896,Male,75,132993.0,55.0,Entertainment,8,2
1896,1897,Female,65,72313.0,36.0,Lawyer,1,5
1897,1898,Female,30,84885.0,9.0,Entertainment,6,5
1898,1899,Male,46,126228.0,95.0,Marketing,8,2
1899,1900,Male,40,51199.0,29.0,Executive,7,7
1900,1901,Female,40,54631.0,70.0,Artist,0,6
1901,1902,Female,20,131810.0,16.0,Healthcare,5,7
1902,1903,Male,88,138482.0,59.0,Marketing,8,4
1903,1904,Male,85,74081.0,87.0,Healthcare,4,3
1904,1905,Male,94,112426.0,54.0,Engineer,9,6
1905,1906,Female,52,164038.0,53.0,,5,4
1906,1907,Female,68,53552.0,97.0,Marketing,7,6
1907,1908,Male,15,142147.0,78.0,Artist,8,4
1908,1909,Male,4,180324.0,41.0,Artist,9,2
1909,1910,Male,59,149067.0,78.0,Doctor,9,7
1910,1911,Male,32,184408.0,38.0,Entertainment,6,7
1911,1912,Female,8,59116.0,45.0,Artist,10,6
1912,1913,Female,92,174786.0,94.0,Executive,4,3
1913,1914,Male,9,71076.0,2.0,Artist,8,1
1914,1915,Female,41,56837.0,4.0,Healthcare,8,4
1915,1916,Female,18,134752.0,47.0,Engineer,6,5
1916,1917,Female,78,112887.0,80.0,Entertainment,9,6
1917,1918,Female,0,73128.0,74.0,Artist,7,5
1918,1919,Female,11,152765.0,17.0,Healthcare,8,1
1919,1920,Female,36,140637.0,19.0,Executive,8,7
1920,1921,Male,46,137973.0,50.0,Healthcare,7,7
1921,1922,Female,95,126791.0,34.0,Artist,6,4
1922,1923,Female,97,75125.0,89.0,Executive,8,3
1923,1924,Male,2,101718.0,11.0,Executive,8,3
1924,1925,Female,94,69654.0,30.0,Homemaker,4,4
1925,1926,Female,0,105935.0,46.0,Doctor,4,5
1926,1927,Male,3,74607.0,69.0,Healthcare,6,1
1927,1928,Male,77,151985.0,29.0,Healthcare,4,7
1928,1929,Male,70,76892.0,64.0,Executive,5,2
1929,1930,Male,58,87602.0,25.0,Executive,5,3
1930,1931,Male,72,182317.0,46.0,Healthcare,8,6
1931,1932,Male,90,158280.0,92.0,Executive,6,7
1932,1933,Female,23,59905.0,79.0,,7,5
1933,1934,Female,87,128153.0,42.0,Artist,7,6
1934,1935,Male,64,142612.0,58.0,Doctor,4,6
1935,1936,Female,15,180163.0,9.0,Doctor,10,7
1936,1937,Female,14,68009.0,17.0,Artist,9,3
1937,1938,Male,54,166183.0,65.0,Artist,7,6
1938,1939,Male,76,132537.0,44.0,Doctor,5,3
1939,1940,Female,76,146308.0,49.0,Artist,5,1
1940,1941,Female,52,63454.0,38.0,Artist,5,5
1941,1942,Male,96,110519.0,6.0,Artist,9,4
1942,1943,Female,55,66728.0,50.0,Healthcare,10,5
1943,1944,Female,54,170638.0,64.0,Artist,4,5
1944,1945,Male,19,129635.0,100.0,Artist,6,4
1945,1946,Male,29,133587.0,74.0,Marketing,5,3
1946,1947,Male,96,126225.0,47.0,Engineer,7,4
1947,1948,Female,20,148776.0,21.0,Artist,8,5
1948,1949,Female,91,142602.0,64.0,Lawyer,7,6
1949,1950,Male,37,102413.0,38.0,Healthcare,5,5
1950,1951,Male,42,68765.0,69.0,Entertainment,4,1
1951,1952,Male,1,57522.0,75.0,Artist,10,5
1952,1953,Female,58,149237.0,80.0,Entertainment,8,6
1953,1954,Female,42,184844.0,24.0,Entertainment,6,1
1954,1955,Female,48,131656.0,45.0,Lawyer,9,6
1955,1956,Female,11,181026.0,39.0,Marketing,6,2
1956,1957,Male,59,101698.0,87.0,Artist,9,3
1957,1958,Female,45,152560.0,32.0,Entertainment,9,2
1958,1959,Male,73,142502.0,97.0,Doctor,5,1
1959,1960,Female,85,155432.0,21.0,Engineer,4,6
1960,1961,Female,70,108544.0,49.0,Entertainment,4,5
1961,1962,Female,52,106530.0,46.0,Engineer,7,2
1962,1963,Male,70,124359.0,51.0,Homemaker,7,7
1963,1964,Female,88,146970.0,90.0,Artist,7,6
1964,1965,Male,61,182176.0,96.0,Artist,9,5
1965,1966,Female,46,114435.0,34.0,Artist,8,3
1966,1967,Male,65,134213.0,32.0,Homemaker,8,4
1967,1968,Female,84,115580.0,73.0,Entertainment,8,5
1968,1969,Female,76,124034.0,88.0,Executive,10,2
1969,1970,Male,31,67894.0,42.0,Doctor,9,1
1970,1971,Male,55,107099.0,89.0,Executive,4,6
1971,1972,Male,45,140263.0,88.0,Entertainment,10,5
1972,1973,Male,98,104249.0,12.0,Engineer,5,2
1973,1974,Male,40,168821.0,36.0,Executive,4,5
1974,1975,Female,14,153145.0,59.0,Healthcare,8,6
1975,1976,Female,41,128960.0,43.0,Executive,9,4
1976,1977,Male,60,127438.0,82.0,Engineer,7,2
1977,1978,Male,60,125968.0,100.0,Lawyer,8,2
1978,1979,Male,84,104589.0,85.0,Artist,10,2
1979,1980,Male,0,165321.0,93.0,Doctor,8,1
1980,1981,Female,10,86925.0,76.0,Artist,7,2
1981,1982,Female,62,149797.0,19.0,Artist,5,6
1982,1983,Male,33,137094.0,68.0,Lawyer,4,1
1983,1984,Female,52,55395.0,41.0,Marketing,10,1
1984,1985,Female,2,153622.0,51.0,Lawyer,6,6
1985,1986,Male,27,74050.0,44.0,Entertainment,8,1
1986,1987,Female,4,68094.0,61.0,Doctor,4,7
1987,1988,Male,63,59244.0,80.0,Artist,7,1
1988,1989,Female,54,118944.0,77.0,Artist,4,4
1989,1990,Female,47,75293.0,55.0,Doctor,6,7
1990,1991,Female,30,166983.0,69.0,Artist,7,3
1991,1992,Female,97,129444.0,96.0,Entertainment,5,6
1992,1993,Male,94,181183.0,24.0,Marketing,9,3
1993,1994,Female,64,175254.0,100.0,Artist,9,5
1994,1995,Female,19,54121.0,89.0,Engineer,6,3
1995,1996,Female,71,184387.0,40.0,Artist,8,7
1996,1997,Female,91,73158.0,32.0,Doctor,7,7
1997,1998,Male,87,90961.0,14.0,Healthcare,9,2
1998,1999,Male,77,182109.0,4.0,Executive,7,2
1999,2000,Male,90,110610.0,52.0,Entertainment,5,2
