CustomerID,Gender,Age,AnnualIncome,SpendingScore,Profession,WorkExperience,FamilySize
969,Male,32,186897.0,0.49,Healthcare,1,7
241,Male,92,83000.0,0.16,Executive,1,5
820,Female,19,117477.0,0.48,Healthcare,6,7
693,Male,83,132005.0,0.02,Entertainment,0,5
421,Male,89,122430.0,0.19,Healthcare,1,1
1086,Male,87,153230.0,0.15,Healthcare,8,1
1999,Male,77,182109.0,0.04,Executive,7,2
366,Male,65,120627.0,0.72,Healthcare,0,2
1023,Female,45,55472.0,0.51,Healthcare,1,3
1241,Female,70,153821.0,0.08,Marketing,1,4
589,Female,63,52661.0,0.25,Healthcare,12,5
737,Female,33,189630.0,0.53,Executive,5,5
1762,Female,32,181703.0,0.54,Lawyer,6,2
942,Male,18,185861.0,0.82,Artist,3,6
72,Female,47,9000.0,0.42,Entertainment,8,2
1408,Male,56,137428.0,0.87,Artist,0,2
260,Male,26,26000.0,0.6,Executive,6,4
52,Male,33,97000.0,0.6,Artist,1,2
199,Male,32,81000.0,0.18,Executive,1,2
1789,Female,58,51416.0,0.46,,7,5
651,Female,36,166007.0,0.4,Doctor,1,4
333,Male,84,137641.0,0.67,Healthcare,0,5
1360,Female,64,77914.0,0.11,Artist,1,6
594,Female,49,83788.0,0.41,Doctor,15,1
1392,Female,35,111871.0,0.3,Doctor,10,1
1801,Male,80,93253.0,0.51,Artist,4,5
1315,Female,83,129507.0,0.93,Healthcare,4,7
1112,Female,34,92366.0,0.14,Healthcare,0,6
1007,Female,61,101007.0,0.6,Lawyer,0,6
1327,Male,18,77873.0,0.49,Executive,6,5
427,Male,38,71897.0,0.32,Entertainment,2,3
1559,Female,98,128037.0,0.39,Entertainment,6,2
1294,Female,47,187898.0,0.89,Artist,6,2
591,Male,42,149936.0,0.52,Artist,15,3
1958,Female,45,152560.0,0.32,Entertainment,9,2
1977,Male,60,127438.0,0.82,Engineer,7,2
1133,Female,84,133765.0,0.83,Artist,1,3
986,Male,36,55109.0,0.53,Artist,8,3
399,Male,59,130950.0,0.28,Executive,5,3
1512,Female,1,100429.0,0.19,Entertainment,9,1
437,Female,24,78223.0,0.41,Lawyer,0,1
193,Male,33,96000.0,0.08,Executive,9,2
1436,Female,18,82812.0,0.01,Artist,6,2
615,Male,39,134629.0,0.23,Engineer,1,6
1494,Female,25,111942.0,0.07,Artist,5,5
577,Male,15,142776.0,0.98,Engineer,8,5
987,Female,12,67613.0,0.4,Entertainment,1,2
1433,Female,25,136146.0,0.98,Artist,6,6
707,Female,88,121597.0,0.07,Engineer,0,5
1259,Female,25,163966.0,0.48,Lawyer,1,5
142,Male,32,66000.0,0.93,Artist,0,5
1358,Female,72,176074.0,0.7,Doctor,1,7
3,Female,20,86000.0,0.06,Engineer,1,1
1222,Male,70,81197.0,0.76,Artist,0,4
1870,Female,37,169381.0,0.45,Entertainment,0,4
1623,Female,40,184222.0,0.17,Healthcare,0,2
340,Female,76,68292.0,0.55,Artist,8,2
1770,Female,87,170333.0,0.96,Entertainment,4,2
1537,Female,39,70280.0,0.99,Engineer,0,4
484,Female,30,62330.0,0.6,Healthcare,1,1
266,Male,7,82000.0,0.39,Entertainment,2,2
377,Female,30,144043.0,0.78,Doctor,1,1
742,Male,84,163818.0,0.27,Engineer,2,1
1014,Male,88,83535.0,0.56,Artist,1,5
440,Female,6,162858.0,0.91,Artist,0,1
272,Female,1,12000.0,0.82,Doctor,0,3
185,Female,41,39000.0,0.39,Artist,1,1
940,Female,80,67781.0,0.01,Entertainment,4,4
245,Female,53,4000.0,0.2,Artist,0,4
932,Female,2,145597.0,0.81,Artist,1,6
446,Male,54,65874.0,0.87,Artist,7,6
597,Female,15,58639.0,0.51,Entertainment,5,7
818,Female,91,154456.0,0.71,,0,7
1273,Female,2,138529.0,0.87,Healthcare,0,4
1677,Male,9,165194.0,0.1,Artist,8,3
487,Female,60,77857.0,0.81,Artist,1,6
681,Male,17,96154.0,1.0,Artist,1,4
416,Female,87,110870.0,0.78,Engineer,1,4
274,Female,18,143000.0,0.99,Artist,0,2
1472,Female,5,124702.0,0.94,Artist,10,3
1830,Female,20,113767.0,0.88,Artist,6,2
1455,Female,7,135773.0,0.42,Artist,9,5
251,Male,80,20000.0,0.93,Engineer,1,3
414,Male,80,59099.0,0.44,Marketing,1,7
1386,Male,39,100419.0,0.19,Artist,5,4
1308,Male,23,93841.0,0.25,Lawyer,0,7
716,Female,60,186069.0,0.49,Marketing,1,2
311,Male,56,97562.0,0.15,Executive,5,6
927,Female,95,72068.0,0.97,Healthcare,0,6
382,Male,90,70201.0,0.08,Engineer,0,2
1566,Male,2,119097.0,0.4,Healthcare,0,7
426,Female,68,72847.0,0.93,Artist,1,2
1875,Male,18,162983.0,0.16,Entertainment,0,6
533,Female,11,162287.0,0.45,Engineer,3,2
753,Female,50,183548.0,0.85,Entertainment,1,4
766,Female,56,171560.0,0.78,Engineer,0,2
1357,Male,96,67799.0,0.42,Entertainment,1,6
409,Male,21,187761.0,0.87,Healthcare,2,3
1615,Female,10,92734.0,0.28,Lawyer,1,4
695,Female,74,92355.0,0.87,Entertainment,1,4
1739,Male,10,164214.0,0.77,Lawyer,0,4
549,Female,96,186882.0,0.4,Entertainment,1,7
937,Female,21,85568.0,0.01,Healthcare,0,6
1390,Female,68,75561.0,0.87,Healthcare,5,3
1608,Male,64,156422.0,0.39,Entertainment,1,7
1940,Female,76,146308.0,0.49,Artist,5,1
1482,Female,25,165978.0,0.42,Artist,7,3
183,Male,46,11000.0,0.15,Artist,7,1
1941,Female,52,63454.0,0.38,Artist,5,5
1161,Female,1,108342.0,0.97,Doctor,0,3
171,Male,40,69000.0,0.13,Artist,3,5
293,Male,11,38000.0,0.66,Artist,8,8
562,Female,17,169496.0,0.12,Lawyer,11,6
1457,Male,27,80783.0,0.82,Artist,9,3
1877,Female,69,168710.0,0.8,Doctor,1,4
1652,Male,37,133850.0,0.85,Marketing,9,3
850,Female,75,164598.0,0.32,Healthcare,8,1
273,Female,96,1000.0,0.76,Entertainment,0,3
1550,Female,80,68341.0,0.22,Artist,13,6
1035,Male,97,73867.0,0.65,Healthcare,4,5
1744,Female,31,147447.0,0.23,Doctor,6,7
372,Female,72,98168.0,0.49,Entertainment,1,2
1670,Male,96,97705.0,0.41,Homemaker,8,2
722,Female,27,99950.0,0.2,Entertainment,0,4
734,Female,41,118122.0,0.52,Entertainment,0,6
778,Male,94,188107.0,0.52,Engineer,10,2
519,Female,13,88960.0,0.02,Entertainment,13,3
335,Female,67,116126.0,0.58,Entertainment,10,2
846,Female,31,76422.0,0.21,Healthcare,9,7
1252,Male,14,161120.0,0.69,Executive,0,1
1053,Female,46,109346.0,0.37,Entertainment,1,2
1924,Male,2,101718.0,0.11,Executive,8,3
16,Male,22,51000.0,0.79,Healthcare,1,2
708,Male,56,103210.0,1.0,Artist,6,6
901,Male,1,75518.0,0.17,Lawyer,7,3
1980,Male,0,165321.0,0.93,Doctor,8,1
1573,Female,96,102788.0,0.51,Artist,0,1
904,Female,15,174501.0,0.37,,9,7
466,Female,76,156330.0,0.31,Engineer,1,2
1978,Male,60,125968.0,1.0,Lawyer,8,2
200,Male,30,33000.0,0.83,Artist,4,2
1207,Female,31,143241.0,0.81,Executive,4,7
1056,Female,50,181270.0,0.56,Artist,1,1
1132,Male,11,152684.0,0.24,Lawyer,0,3
1380,Male,88,131584.0,0.18,Artist,7,3
999,Male,24,77976.0,0.95,Artist,11,3
728,Male,52,172841.0,0.04,Engineer,0,1
1772,Female,99,84167.0,0.46,Artist,10,7
1910,Male,59,149067.0,0.78,Doctor,9,7
1822,Male,87,174163.0,0.28,Artist,4,2
568,Female,99,172896.0,0.13,Engineer,0,3
44,Female,31,33000.0,0.61,Artist,1,2
275,Female,37,18000.0,0.57,Artist,1,2
1097,Female,47,129019.0,0.57,Healthcare,0,3
102,Female,49,4000.0,0.48,Executive,1,7
1232,Female,41,61355.0,0.13,Healthcare,1,3
1722,Female,92,168303.0,0.16,Executive,9,4
1833,Male,54,56215.0,0.34,Healthcare,10,4
108,Male,54,78000.0,0.46,Lawyer,1,1
1618,Female,16,67178.0,0.17,Entertainment,8,3
498,Male,12,84547.0,0.96,Homemaker,3,3
1981,Female,10,86925.0,0.76,Artist,7,2
882,Female,85,82854.0,0.75,Artist,6,4
757,Male,3,55634.0,0.53,Engineer,8,3
620,Female,44,75195.0,0.79,Artist,1,3
1107,Female,82,171100.0,0.34,Executive,0,5
1936,Female,15,180163.0,0.09,Doctor,10,7
810,Female,72,75884.0,0.57,Executive,0,7
1038,Male,60,162612.0,0.98,Engineer,1,6
73,Female,60,44000.0,0.49,Artist,0,5
1284,Female,35,97721.0,0.48,Engineer,0,7
1272,Female,0,61228.0,0.81,Entertainment,1,6
1335,Male,42,94844.0,0.64,,7,6
1459,Female,84,143567.0,0.48,Artist,7,2
482,Female,34,154888.0,0.43,Healthcare,9,6
1069,Female,84,152475.0,0.12,Artist,0,7
507,Female,3,64824.0,0.3,Executive,1,1
1238,Female,70,157307.0,0.23,Executive,4,3
1862,Male,22,184443.0,0.44,Executive,3,7
1990,Female,47,75293.0,0.55,Doctor,6,7
1477,Male,20,84008.0,0.77,Artist,8,4
1867,Female,8,157316.0,0.75,Artist,9,3
1456,Male,54,136417.0,0.45,Healthcare,9,6
312,Female,12,77501.0,0.3,Engineer,5,4
963,Female,63,120955.0,0.79,Artist,6,1
406,Female,65,119889.0,0.11,Artist,17,6
1331,Male,69,185067.0,0.49,Lawyer,5,4
1650,Male,34,109263.0,0.77,Entertainment,0,1
310,Female,17,156488.0,0.65,Engineer,1,4
227,Female,25,40000.0,0.77,Artist,5,4
1858,Male,64,55011.0,0.53,Artist,1,7
711,Male,82,153632.0,0.76,Entertainment,9,7
1944,Female,54,170638.0,0.64,Artist,4,5
1384,Female,34,55690.0,0.04,Marketing,4,6
1786,Male,56,131911.0,0.42,Healthcare,7,7
149,Female,34,51000.0,0.22,Healthcare,7,4
1555,Female,3,136316.0,0.88,Executive,0,3
1957,Male,59,101698.0,0.87,Artist,9,3
926,Male,14,149618.0,0.78,Healthcare,4,6
943,Male,43,162595.0,0.17,Artist,3,3
837,Male,63,85351.0,0.57,Healthcare,0,2
576,Male,32,149900.0,0.34,Artist,6,3
558,Male,40,185321.0,0.96,Artist,0,7
1236,Female,64,135742.0,0.67,Healthcare,1,7
1361,Female,8,57605.0,0.81,Doctor,0,2
1348,Female,96,99263.0,1.0,Healthcare,8,1
1162,Female,20,155951.0,0.21,Healthcare,7,4
1443,Female,55,123045.0,0.56,Engineer,7,3
287,Female,85,140000.0,0.84,Entertainment,1,1
1605,Male,30,173096.0,0.92,Healthcare,0,3
1058,Female,72,112146.0,0.21,Homemaker,8,4
599,Male,22,64707.0,0.29,Entertainment,7,3
933,Male,51,162072.0,0.86,Engineer,1,1
1462,Female,75,77269.0,0.24,Artist,8,1
1638,Male,73,172011.0,0.09,Doctor,1,5
1588,Female,19,181795.0,0.59,Healthcare,3,5
1041,Female,1,111424.0,0.8,Entertainment,8,5
1231,Male,89,69719.0,0.47,Artist,9,2
807,Female,92,80808.0,0.26,Artist,1,1
905,Female,47,157661.0,0.57,Healthcare,6,6
1680,Male,58,95172.0,0.77,Healthcare,1,5
1205,Female,54,117181.0,0.66,Doctor,12,5
768,Female,0,143910.0,0.22,Marketing,1,7
610,Female,23,73759.0,0.83,Doctor,0,7
1993,Male,94,181183.0,0.24,Marketing,9,3
1565,Male,6,169299.0,0.46,Marketing,1,5
1423,Male,73,154837.0,0.42,Executive,8,4
1011,Male,14,164659.0,0.59,Entertainment,1,6
494,Female,14,66760.0,0.2,Artist,0,4
1321,Male,97,128723.0,0.58,Artist,4,5
278,Male,93,95000.0,0.21,Artist,1,1
1847,Female,71,60209.0,0.46,Artist,1,3
359,Female,72,67353.0,0.19,Lawyer,9,3
1111,Female,69,143928.0,0.3,Engineer,9,7
237,Male,91,9000.0,0.96,Healthcare,1,5
552,Female,81,89211.0,0.12,Doctor,1,7
1868,Female,52,125508.0,0.15,Artist,1,6
1813,Female,68,91609.0,0.43,Entertainment,8,1
209,Female,48,15000.0,0.07,Doctor,0,2
1387,Female,82,62951.0,0.47,Lawyer,8,2
1561,Male,88,92247.0,0.47,Marketing,0,6
59,Female,27,57000.0,0.51,Artist,1,3
632,Female,16,93854.0,0.82,Healthcare,0,7
1962,Female,52,106530.0,0.46,Engineer,7,2
1860,Male,66,153660.0,0.24,Healthcare,0,5
1817,Female,29,165254.0,0.07,Executive,9,7
364,Female,37,148544.0,0.56,Entertainment,1,2
506,Female,20,111896.0,0.9,Executive,1,3
1166,Male,19,189498.0,0.18,Artist,4,1
1122,Female,85,68212.0,0.26,Healthcare,7,4
1630,Male,99,162762.0,0.52,Healthcare,1,1
1217,Female,78,59784.0,0.81,Artist,3,3
1152,Female,90,187339.0,0.62,Healthcare,0,6
1125,Female,41,69730.0,0.97,Artist,1,4
1595,Female,28,69025.0,0.79,Entertainment,0,2
119,Female,51,84000.0,0.43,,2,7
1250,Female,96,85447.0,0.04,Artist,9,6
1994,Female,64,175254.0,1.0,Artist,9,5
523,Male,20,119952.0,0.02,Healthcare,8,2
514,Male,97,183783.0,0.7,Healthcare,9,3
82,Male,38,61000.0,0.55,Healthcare,6,3
916,Male,91,62808.0,0.2,Engineer,0,4
1019,Female,25,106669.0,0.22,Lawyer,1,7
381,Male,8,175407.0,0.02,Artist,5,1
1030,Male,38,101846.0,0.17,Doctor,3,2
1689,Female,36,62617.0,0.1,Artist,9,3
85,Female,21,24000.0,0.57,Marketing,1,3
1678,Male,0,126060.0,0.92,Doctor,1,3
330,Female,78,98922.0,0.02,Artist,2,3
7,Female,35,31000.0,0.06,Healthcare,1,3
746,Male,89,100938.0,0.27,Entertainment,0,7
1554,Male,10,116521.0,0.47,Doctor,0,2
915,Male,76,111717.0,0.41,Healthcare,1,2
874,Female,34,94029.0,0.98,Healthcare,1,4
452,Male,74,128266.0,0.55,Engineer,7,4
491,Female,59,130511.0,0.97,Artist,3,4
1481,Female,97,170133.0,0.42,Engineer,5,5
288,Female,73,31000.0,0.47,Healthcare,1,2
949,Female,65,114244.0,0.64,Artist,0,1
1986,Male,27,74050.0,0.44,Entertainment,8,1
1369,Female,31,138644.0,0.94,Engineer,4,3
1147,Male,1,71564.0,0.68,Artist,1,5
706,Female,38,130597.0,0.02,Artist,6,1
1727,Female,64,64756.0,0.17,Marketing,10,1
1702,Male,55,103933.0,0.31,Executive,6,3
1629,Male,45,88707.0,0.81,Healthcare,0,5
1600,Male,8,144830.0,0.43,Artist,0,1
1539,Female,83,102083.0,0.24,Artist,1,1
1406,Female,1,90341.0,0.92,Doctor,0,2
1651,Male,82,150012.0,0.83,Healthcare,3,6
328,Male,52,152755.0,0.39,Engineer,4,2
443,Female,95,66322.0,0.88,Artist,0,3
775,Female,83,156839.0,0.38,Artist,3,7
1088,Male,44,90167.0,0.84,Engineer,0,3
1221,Male,68,170957.0,0.06,Lawyer,1,3
1636,Female,34,93866.0,0.43,Entertainment,9,2
178,Male,27,45000.0,0.69,Healthcare,2,6
1323,Female,99,144176.0,0.74,Marketing,7,2
705,Male,5,57265.0,0.89,Entertainment,7,7
87,Female,55,11000.0,0.58,Artist,0,3
1884,Female,11,114071.0,0.37,Healthcare,0,2
1948,Female,20,148776.0,0.21,Artist,8,5
458,Female,21,153885.0,0.86,Artist,6,6
1829,Female,10,154623.0,0.21,Artist,6,6
55,Female,50,18000.0,0.45,Marketing,1,1
1502,Male,34,171353.0,0.34,Doctor,8,4
644,Female,67,160945.0,0.51,Healthcare,0,5
678,Male,14,74174.0,0.79,Entertainment,1,2
222,Female,95,72000.0,0.51,Engineer,4,2
114,Male,19,2000.0,0.46,Artist,1,1
983,Male,47,133236.0,0.61,Executive,1,6
1229,Female,27,183201.0,0.52,Engineer,8,6
1000,Male,97,66312.0,0.75,Entertainment,0,1
175,Female,52,20000.0,0.13,Lawyer,0,2
782,Female,19,58217.0,0.7,Artist,0,1
590,Female,46,148520.0,0.14,Healthcare,11,5
1560,Male,84,97081.0,0.75,Marketing,1,3
19,Male,52,20000.0,0.29,Entertainment,1,4
424,Male,33,112587.0,0.71,Artist,1,4
1344,Female,82,157994.0,0.92,Artist,1,1
286,Male,86,59000.0,0.4,Artist,0,1
1584,Female,0,120899.0,0.07,Marketing,2,6
429,Male,90,89251.0,0.04,Entertainment,1,1
1510,Female,84,136254.0,0.9,Engineer,5,6
1319,Female,77,66256.0,0.13,Lawyer,1,2
670,Female,23,144916.0,0.84,Engineer,1,7
32,Female,21,34000.0,0.73,Doctor,1,2
941,Female,51,70152.0,0.29,Healthcare,0,2
723,Female,11,83220.0,0.21,Engineer,7,4
995,Female,85,118161.0,0.74,Engineer,0,4
215,Male,48,95000.0,0.68,Doctor,2,4
814,Male,41,81718.0,0.36,Entertainment,1,3
327,Female,63,64589.0,0.9,Engineer,7,1
561,Female,69,123925.0,0.52,Artist,1,7
1113,Male,74,175041.0,0.25,Artist,4,1
701,Female,41,172882.0,0.27,Healthcare,8,7
1579,Female,83,150682.0,0.25,Artist,1,1
1190,Female,20,141428.0,0.32,Entertainment,1,5
342,Male,75,142034.0,0.82,Entertainment,1,4
630,Female,37,149095.0,0.83,Lawyer,1,2
148,Female,32,38000.0,0.74,Lawyer,1,1
1310,Male,79,146130.0,0.2,Entertainment,6,6
361,Male,90,164914.0,0.18,Artist,8,3
84,Female,46,34000.0,0.44,Entertainment,8,4
49,Female,29,78000.0,0.42,Healthcare,0,4
469,Female,47,143906.0,0.12,Artist,4,3
156,Female,27,10000.0,0.89,Marketing,8,4
773,Male,91,50250.0,0.54,Artist,0,2
1240,Female,3,167226.0,0.59,Homemaker,3,1
1201,Male,1,79800.0,0.47,Artist,0,1
1403,Female,84,182374.0,0.62,Entertainment,0,6
1203,Female,32,110846.0,0.49,Artist,0,2
1631,Male,59,154821.0,0.77,Doctor,0,2
501,Female,38,96794.0,0.96,Healthcare,6,3
1765,Female,63,176783.0,0.4,Doctor,9,4
180,Male,35,42000.0,0.9,Engineer,8,1
1048,Female,78,64057.0,0.44,Doctor,0,3
1756,Male,81,141471.0,0.45,Artist,8,6
951,Female,81,128834.0,0.23,Entertainment,5,4
1317,Female,33,109396.0,0.17,,1,2
1620,Female,41,186470.0,0.21,Artist,0,7
529,Male,13,150258.0,0.17,Doctor,0,3
347,Female,58,57180.0,0.22,Healthcare,9,1
1388,Male,39,118554.0,0.01,Lawyer,4,6
1961,Female,70,108544.0,0.49,Entertainment,4,5
1051,Male,46,149764.0,0.01,Entertainment,0,6
1973,Male,98,104249.0,0.12,Engineer,5,2
1442,Female,16,75831.0,0.05,Healthcare,10,7
602,Male,61,126370.0,0.2,,11,4
1282,Male,36,50526.0,0.19,Artist,0,6
244,Female,77,47000.0,0.58,Artist,0,6
1337,Female,14,94655.0,0.09,Healthcare,8,1
1068,Female,30,78821.0,0.46,,1,4
1476,Male,62,113306.0,0.04,Executive,5,6
313,Female,24,118302.0,1.0,Lawyer,5,1
436,Female,7,106581.0,0.76,Doctor,1,7
1899,Male,46,126228.0,0.95,Marketing,8,2
1329,Male,50,168898.0,0.41,Artist,9,7
309,Male,26,112766.0,0.83,Engineer,8,4
431,Male,1,111558.0,0.85,Healthcare,7,4
661,Male,49,81084.0,0.48,Executive,6,5
371,Male,52,88046.0,0.61,Artist,8,1
567,Female,19,180331.0,0.14,Artist,17,5
980,Female,67,177512.0,0.62,Engineer,2,3
182,Female,32,61000.0,0.86,Entertainment,7,5
1363,Male,3,93883.0,0.39,Healthcare,1,2
622,Male,77,73884.0,0.3,Healthcare,1,2
819,Female,65,56647.0,0.12,Doctor,6,4
1193,Male,84,172523.0,0.83,Artist,6,2
953,Female,32,130118.0,0.36,Artist,0,4
1422,Female,20,124852.0,0.39,Healthcare,5,5
1841,Female,43,73915.0,0.47,Artist,11,2
923,Female,14,153842.0,0.03,Artist,1,3
1074,Male,47,162332.0,0.72,Entertainment,1,5
297,Female,79,31000.0,0.91,Engineer,3,3
967,Female,26,69988.0,0.02,Homemaker,5,4
462,Female,96,135800.0,0.29,Healthcare,0,7
1303,Male,52,80605.0,0.2,Doctor,1,6
1177,Male,57,50429.0,0.23,Artist,0,1
378,Male,46,72594.0,0.64,Artist,1,2
799,Male,75,91456.0,0.13,Artist,1,4
1103,Female,86,159964.0,0.57,Engineer,5,6
106,Female,21,82000.0,0.42,Doctor,1,2
127,Male,43,89000.0,0.35,Engineer,0,7
1996,Female,71,184387.0,0.4,Artist,8,7
839,Male,44,70787.0,0.68,Doctor,1,3
356,Male,22,172923.0,0.2,Engineer,6,1
1617,Female,39,62935.0,0.6,Artist,0,7
683,Male,42,59954.0,0.37,Executive,4,4
813,Male,59,187253.0,0.51,Executive,8,7
1681,Female,55,95975.0,0.49,Executive,0,1
210,Female,80,39000.0,0.33,Engineer,9,4
1493,Male,21,85339.0,0.06,Doctor,4,7
141,Female,57,32000.0,0.05,Engineer,0,2
1975,Female,14,153145.0,0.59,Healthcare,8,6
1340,Female,45,125677.0,0.36,Entertainment,5,2
1798,Male,50,112957.0,0.71,Executive,5,3
1575,Male,87,71318.0,0.22,Healthcare,1,3
1182,Female,92,163442.0,0.32,Executive,1,6
1394,Female,47,121267.0,0.58,Engineer,1,1
1816,Male,33,149609.0,0.44,Executive,9,2
712,Female,31,65520.0,0.71,Lawyer,1,2
1794,Female,22,101474.0,0.14,Homemaker,10,2
893,Male,52,130573.0,0.31,Entertainment,8,3
860,Male,94,144192.0,0.34,Healthcare,0,3
11,Male,67,7000.0,0.14,Engineer,1,3
1695,Female,15,134748.0,0.76,Marketing,1,6
1428,Male,37,62893.0,0.29,Executive,1,5
283,Female,52,43000.0,0.58,Artist,1,3
811,Female,89,157759.0,0.52,Artist,1,6
1342,Male,38,76103.0,0.62,Executive,9,3
292,Female,10,68000.0,0.8,Doctor,6,3
755,Female,17,63557.0,0.03,Marketing,1,1
627,Female,91,82535.0,0.5,Healthcare,0,1
944,Female,29,80098.0,0.54,Lawyer,10,6
862,Female,93,73642.0,0.5,Marketing,0,3
130,Male,38,64000.0,0.75,Entertainment,8,5
1176,Male,61,52543.0,0.23,Executive,0,6
324,Male,13,95469.0,0.94,Doctor,6,1
1091,Female,7,172913.0,0.94,Executive,3,4
844,Female,67,184628.0,0.38,Artist,12,2
964,Female,97,168898.0,0.54,Homemaker,8,7
1865,Male,9,151902.0,0.18,Artist,0,2
866,Male,90,58289.0,0.49,Artist,5,6
922,Male,52,189091.0,0.12,Artist,0,6
696,Male,42,60982.0,0.03,Healthcare,0,5
216,Female,46,66000.0,0.7,Healthcare,3,3
1781,Female,68,176884.0,0.94,Engineer,10,2
1262,Male,24,188034.0,0.61,Healthcare,1,5
159,Male,34,66000.0,0.01,Lawyer,1,2
1059,Male,8,104953.0,0.57,Doctor,1,6
989,Female,24,154787.0,0.84,Executive,3,5
842,Female,62,185388.0,0.54,Healthcare,0,2
635,Female,33,129257.0,0.7,Executive,6,3
517,Male,85,131742.0,0.87,Entertainment,1,1
1429,Male,78,163514.0,0.89,Doctor,9,2
1748,Female,64,92812.0,0.97,Artist,5,7
598,Male,91,97879.0,0.4,Entertainment,15,7
196,Female,35,46000.0,0.79,Executive,1,3
1784,Female,86,90228.0,0.68,Engineer,7,5
870,Female,43,113575.0,0.06,Entertainment,1,2
411,Male,83,102647.0,0.83,Entertainment,0,2
97,Female,47,2000.0,0.47,Artist,0,1
1001,Female,92,81839.0,0.11,Entertainment,0,4
1506,Female,63,88720.0,1.0,Artist,10,1
157,Male,37,16000.0,0.01,Executive,1,1
420,Female,62,172758.0,0.69,Entertainment,1,2
1803,Female,89,114858.0,0.53,Artist,10,1
478,Male,82,188719.0,0.3,Lawyer,0,6
1856,Male,35,69419.0,0.68,Healthcare,9,1
669,Male,15,157278.0,0.58,Artist,0,6
1418,Female,1,138656.0,0.27,,3,4
1872,Female,63,81199.0,0.8,Entertainment,1,2
1300,Male,81,50798.0,0.56,Artist,10,5
448,Female,58,67097.0,0.91,Engineer,6,1
554,Female,31,139592.0,0.62,Marketing,1,1
179,Male,59,86000.0,0.14,Healthcare,4,3
391,Female,7,136231.0,0.1,Artist,7,1
579,Female,37,146195.0,0.89,Healthcare,4,4
1478,Male,85,85758.0,0.35,Lawyer,10,4
1707,Female,69,171118.0,0.91,Engineer,9,3
1288,Female,54,179546.0,0.04,Homemaker,8,4
1645,Male,2,52727.0,0.6,Artist,1,3
1024,Male,55,99423.0,0.82,Healthcare,0,5
821,Female,78,79677.0,0.09,Artist,10,7
1825,Female,32,185218.0,0.83,Healthcare,4,6
985,Female,40,164350.0,0.23,Healthcare,0,5
1339,Male,16,79257.0,0.82,Healthcare,6,2
665,Male,26,79526.0,0.06,Marketing,9,7
143,Female,28,62000.0,0.4,Doctor,5,3
1517,Female,87,95853.0,0.53,Healthcare,9,1
1430,Male,29,145934.0,0.4,Marketing,10,2
865,Female,79,167411.0,0.09,Marketing,12,5
422,Female,56,183540.0,0.96,Entertainment,0,6
637,Female,43,77600.0,0.66,Healthcare,0,1
1407,Female,67,118348.0,0.94,Engineer,1,7
800,Male,11,166247.0,0.84,Executive,1,2
1404,Female,58,119366.0,0.94,Engineer,4,2
616,Male,72,101858.0,0.7,Healthcare,8,6
295,Female,73,80000.0,0.73,Entertainment,2,2
924,Male,30,106314.0,0.16,Artist,0,7
1269,Male,7,66686.0,0.5,Artist,8,7
1903,Male,88,138482.0,0.59,Marketing,8,4
89,Female,34,76000.0,0.6,Entertainment,7,3
42,Male,24,85000.0,0.92,Healthcare,0,2
1802,Male,20,189650.0,0.6,Lawyer,8,4
1934,Female,87,128153.0,0.42,Artist,7,6
132,Male,39,26000.0,0.75,Lawyer,0,2
1002,Female,80,55712.0,0.05,Artist,5,6
1158,Male,55,65257.0,0.93,Doctor,2,3
1095,Female,34,176554.0,0.62,Healthcare,1,2
1855,Female,84,56809.0,0.96,Healthcare,1,2
1345,Male,73,93786.0,0.44,Entertainment,3,1
1499,Male,5,156655.0,0.2,Entertainment,4,5
165,Male,50,47000.0,0.26,Doctor,0,2
725,Female,71,64310.0,0.43,Marketing,2,1
291,Male,9,27000.0,0.62,Entertainment,7,1
1209,Male,7,165287.0,0.65,Doctor,1,3
1589,Female,48,186445.0,0.41,Engineer,0,1
1897,Female,65,72313.0,0.36,Lawyer,1,5
1642,Male,15,188696.0,0.87,Homemaker,8,3
1362,Female,52,86365.0,0.7,Engineer,1,7
779,Male,19,82333.0,0.35,Marketing,1,2
840,Female,90,75473.0,0.63,Healthcare,0,7
349,Female,24,151085.0,0.39,Marketing,2,5
1945,Male,19,129635.0,1.0,Artist,6,4
572,Female,47,112247.0,0.24,Executive,4,5
918,Male,4,96543.0,0.6,Artist,9,1
977,Female,56,103838.0,0.17,Artist,1,2
1914,Male,9,71076.0,0.02,Artist,8,1
1469,Female,49,85374.0,0.45,Artist,8,5
1592,Male,91,82992.0,0.05,Entertainment,1,5
1318,Female,12,149031.0,0.96,Artist,10,5
1845,Female,43,133740.0,0.37,Artist,5,4
137,Female,44,76000.0,0.07,Artist,5,2
459,Male,84,53500.0,0.44,Marketing,3,4
376,Male,22,159296.0,0.83,Artist,8,1
1343,Female,45,114741.0,0.96,Artist,0,5
334,Male,0,173743.0,0.96,Artist,0,4
1160,Male,64,163783.0,0.84,Healthcare,3,1
1761,Female,95,177134.0,0.78,Healthcare,10,2
1458,Male,28,182580.0,0.6,Executive,6,6
817,Male,85,150765.0,0.42,Homemaker,8,2
1115,Male,56,119296.0,0.49,Engineer,0,7
1006,Female,8,129743.0,0.06,Artist,0,2
1857,Female,78,70689.0,0.54,Artist,1,4
1955,Female,48,131656.0,0.45,Lawyer,9,6
1851,Female,40,187234.0,0.14,Doctor,0,5
911,Male,21,69644.0,0.19,Artist,5,1
1930,Male,58,87602.0,0.25,Executive,5,3
1126,Female,25,156793.0,0.57,Marketing,2,4
329,Female,37,92313.0,0.58,Healthcare,1,5
1248,Female,87,100850.0,0.83,Doctor,0,3
319,Male,66,182937.0,0.44,Marketing,8,1
1690,Female,51,96028.0,0.37,Artist,0,5
1359,Male,48,167517.0,0.27,Artist,2,7
1733,Female,21,161663.0,0.36,Executive,1,7
168,Female,33,83000.0,0.95,Artist,0,5
13,Female,58,80000.0,0.15,Executive,0,5
1927,Male,3,74607.0,0.69,Healthcare,6,1
172,Male,28,4000.0,0.75,Executive,0,2
650,Female,49,170188.0,0.8,Lawyer,1,6
1062,Female,82,99983.0,0.88,Executive,0,1
261,Female,63,47000.0,0.16,Artist,2,3
1367,Male,53,150925.0,0.01,Healthcare,1,2
1549,Female,79,119435.0,0.55,Entertainment,0,7
902,Male,53,160980.0,0.62,Doctor,4,2
673,Female,65,58318.0,0.45,Doctor,1,1
259,Female,79,64000.0,0.64,Artist,2,3
845,Female,38,176551.0,0.45,Healthcare,8,1
868,Female,82,146118.0,0.52,Marketing,8,7
1800,Male,76,82315.0,0.53,Engineer,6,1
139,Male,19,22000.0,0.1,Marketing,8,4
894,Female,85,152303.0,0.68,Artist,1,5
1838,Female,90,60998.0,0.35,Entertainment,1,7
550,Female,35,99300.0,0.88,Homemaker,5,2
320,Female,27,68272.0,0.56,Healthcare,8,4
1527,Female,13,129659.0,0.59,Entertainment,6,7
1806,Female,5,126263.0,0.55,Marketing,6,3
1178,Male,95,178228.0,0.45,Engineer,1,2
559,Female,17,186577.0,0.05,Healthcare,8,5
140,Female,35,15000.0,0.72,Artist,4,4
1735,Female,91,54754.0,0.04,Artist,0,2
532,Male,93,152571.0,0.66,Doctor,14,5
225,Female,40,83000.0,0.48,Homemaker,4,1
724,Male,83,73410.0,0.5,Entertainment,8,5
787,Female,53,112530.0,0.24,Entertainment,2,6
1718,Female,94,131521.0,0.62,Artist,0,6
1008,Male,83,87529.0,0.49,Artist,9,7
410,Male,37,102717.0,0.93,Healthcare,7,4
326,Male,16,133551.0,0.07,Artist,3,1
1766,Male,75,59741.0,0.67,Artist,10,5
300,Male,32,32000.0,0.86,Entertainment,5,2
1263,Female,46,127911.0,0.03,Homemaker,9,2
1946,Male,29,133587.0,0.74,Marketing,5,3
26,Male,29,52000.0,0.82,Artist,1,3
1859,Female,98,87955.0,0.79,Engineer,0,2
715,Female,54,132345.0,0.1,Artist,0,2
1010,Male,69,61637.0,0.67,,0,5
194,Female,38,45000.0,0.91,Artist,10,4
441,Female,0,57373.0,0.29,,0,7
574,Female,64,59088.0,0.31,Artist,1,3
947,Female,9,146011.0,0.69,Marketing,9,5
998,Female,31,171825.0,0.22,Entertainment,10,4
504,Female,5,144831.0,0.17,Artist,1,3
606,Female,3,155864.0,0.31,Healthcare,13,3
1717,Male,65,186673.0,0.51,Doctor,1,1
1164,Female,83,124104.0,0.2,Healthcare,4,6
1787,Female,14,140107.0,0.63,Marketing,6,6
847,Male,2,164248.0,0.51,Entertainment,9,3
4,Female,23,59000.0,0.77,Lawyer,0,2
1287,Female,18,62651.0,0.13,Entertainment,0,2
1223,Female,21,104888.0,0.08,Healthcare,0,4
468,Female,70,111760.0,0.53,Executive,12,5
322,Male,5,69078.0,0.6,Lawyer,13,1
6,Female,22,58000.0,0.76,Artist,0,2
223,Male,43,33000.0,0.55,Artist,4,3
1375,Female,11,147258.0,0.59,Lawyer,10,2
548,Female,25,156016.0,0.85,Artist,2,1
229,Male,0,33000.0,0.64,Marketing,1,1
40,Female,20,69000.0,0.75,Artist,8,2
543,Female,56,100271.0,0.87,Artist,1,5
243,Female,84,40000.0,0.14,Healthcare,1,4
899,Male,73,74350.0,0.39,Lawyer,10,1
1134,Female,99,57677.0,0.99,Lawyer,0,5
1449,Female,41,181355.0,0.73,Artist,10,3
1869,Male,62,186157.0,0.54,Healthcare,1,1
843,Female,5,168110.0,0.69,Doctor,14,6
1419,Female,64,146794.0,0.9,Healthcare,8,3
1654,Female,52,133214.0,0.01,Marketing,9,7
1970,Male,31,67894.0,0.42,Doctor,9,1
662,Male,53,148759.0,0.52,Doctor,7,7
1211,Male,92,96424.0,0.74,Artist,8,5
315,Male,12,53927.0,0.77,Doctor,2,3
692,Male,89,113834.0,0.22,Doctor,0,3
1504,Female,85,97822.0,0.38,Doctor,5,3
425,Female,58,155672.0,0.71,Entertainment,7,7
595,Female,96,184771.0,0.77,Engineer,8,5
1964,Female,88,146970.0,0.9,Artist,7,6
623,Female,56,91180.0,0.61,Entertainment,1,7
1171,Male,10,180774.0,0.66,Entertainment,1,5
1044,Female,65,115299.0,0.87,Artist,6,3
228,Male,76,89000.0,0.86,Healthcare,9,4
1118,Female,95,168663.0,0.16,Engineer,11,5
1332,Male,23,132183.0,0.76,Artist,10,3
1316,Female,94,114510.0,0.39,Healthcare,0,4
67,Female,43,3000.0,0.5,Doctor,0,2
25,Female,54,67000.0,0.14,Executive,1,3
145,Male,25,71000.0,0.12,Engineer,0,5
537,Male,89,74820.0,0.33,Doctor,1,2
812,Female,37,184813.0,0.44,Executive,0,2
1467,Female,5,60575.0,0.14,Engineer,5,2
86,Male,48,31000.0,0.46,Healthcare,7,5
1661,Female,8,100099.0,0.74,Healthcare,1,3
1646,Male,75,126469.0,0.86,Entertainment,1,2
1805,Female,75,135159.0,0.12,Engineer,7,6
1818,Male,43,50418.0,0.49,Healthcare,5,1
1577,Female,16,189689.0,0.37,Healthcare,8,5
1145,Female,26,64398.0,0.07,Lawyer,1,6
363,Female,39,182352.0,0.73,Engineer,4,3
1612,Female,68,89765.0,0.28,Artist,0,7
1866,Male,24,51604.0,0.04,Artist,0,2
1027,Male,92,57032.0,0.75,Entertainment,1,5
1031,Male,15,114061.0,0.87,Artist,2,5
1304,Male,40,171949.0,0.11,Doctor,1,6
1356,Female,64,89972.0,0.92,Artist,10,6
1731,Female,65,92135.0,0.49,Homemaker,6,4
666,Male,28,101414.0,0.64,,8,1
365,Male,46,62833.0,0.85,Artist,1,2
78,Male,40,99000.0,0.48,Artist,4,3
28,Male,35,78000.0,0.61,Artist,1,3
1437,Male,74,51260.0,0.43,Entertainment,5,5
526,Female,66,134677.0,0.59,Healthcare,15,5
1835,Female,90,62504.0,0.99,Artist,10,4
56,Male,47,95000.0,0.41,Artist,14,2
639,Female,59,189672.0,0.08,Doctor,0,7
303,Female,31,145015.0,0.73,Healthcare,6,3
719,Female,15,50550.0,0.34,Healthcare,9,7
625,Female,97,96400.0,0.04,Doctor,1,7
8,Female,23,84000.0,0.94,Healthcare,1,3
804,Female,44,175424.0,0.32,Artist,4,5
1050,Male,6,93186.0,0.83,Entertainment,1,3
337,Female,39,69384.0,0.75,Healthcare,1,5
48,Female,27,71000.0,0.47,Healthcare,12,1
1764,Female,1,140648.0,0.36,Executive,9,7
107,Female,66,43000.0,0.5,Homemaker,3,2
350,Female,88,166107.0,0.98,Artist,13,4
1080,Male,91,94846.0,0.95,Engineer,0,5
239,Male,55,37000.0,0.74,Lawyer,1,4
214,Male,49,50000.0,0.82,Lawyer,8,1
1776,Male,75,172309.0,0.82,Executive,4,1
1139,Male,62,144242.0,0.49,Entertainment,1,4
794,Female,56,132860.0,0.17,Healthcare,7,2
1587,Female,13,167619.0,0.04,Healthcare,7,6
1583,Male,33,109223.0,0.43,Engineer,1,5
1672,Male,24,119238.0,0.55,Artist,1,3
524,Female,98,167197.0,0.63,Doctor,1,5
233,Female,67,18000.0,0.88,Lawyer,0,2
645,Female,85,119557.0,0.35,Artist,0,2
1508,Female,76,139447.0,0.36,Artist,8,7
534,Female,68,171761.0,0.59,Doctor,1,6
1942,Male,96,110519.0,0.06,Artist,9,4
604,Female,91,69720.0,0.78,Lawyer,17,6
1330,Male,86,128917.0,0.07,Homemaker,5,5
1075,Female,93,166018.0,0.71,Doctor,0,3
1305,Male,93,159006.0,0.26,Artist,8,6
61,Male,70,84000.0,0.56,Artist,0,2
1264,Female,70,174114.0,0.31,Lawyer,1,1
93,Male,48,88000.0,0.49,Artist,1,2
667,Female,92,109519.0,0.72,Entertainment,1,4
281,Female,32,63000.0,0.87,Executive,1,4
1114,Male,97,147301.0,0.93,Lawyer,1,5
360,Male,17,165999.0,0.71,Healthcare,9,3
1129,Male,62,150619.0,0.32,Artist,10,6
1170,Female,14,79806.0,0.3,Engineer,1,6
848,Female,82,109188.0,0.38,Lawyer,5,7
1522,Male,29,132297.0,0.53,Entertainment,8,1
111,Male,65,34000.0,0.52,Entertainment,4,4
43,Male,48,22000.0,0.36,Artist,14,3
126,Female,31,46000.0,0.77,Marketing,1,2
205,Female,62,63000.0,0.59,Entertainment,0,2
53,Female,31,74000.0,0.54,Artist,1,1
546,Female,89,107359.0,0.26,,10,6
69,Male,19,81000.0,0.59,Artist,0,4
1741,Male,7,129215.0,0.69,Entertainment,9,6
1548,Female,91,107323.0,0.01,Engineer,7,7
184,Female,29,66000.0,0.88,Artist,4,4
138,Male,32,85000.0,0.73,Artist,3,4
900,Male,3,144103.0,0.42,Healthcare,8,7
797,Female,81,148594.0,0.29,Entertainment,3,5
133,Female,25,41000.0,0.34,Healthcare,6,4
81,Male,57,52000.0,0.51,Healthcare,0,4
1987,Female,4,68094.0,0.61,Doctor,4,7
1541,Female,6,182871.0,0.27,Engineer,8,6
542,Female,26,52234.0,0.3,Executive,1,2
1669,Female,99,174275.0,0.04,Healthcare,0,2
984,Female,41,87975.0,0.05,Homemaker,9,7
166,Female,36,54000.0,0.75,Artist,5,3
249,Female,37,41000.0,0.02,Artist,1,2
447,Male,89,115996.0,0.24,Engineer,15,1
1515,Male,21,163509.0,0.21,Healthcare,10,1
859,Female,64,153607.0,0.48,Healthcare,1,4
1212,Female,93,151468.0,0.41,Artist,1,5
98,Female,27,67000.0,0.5,Artist,0,2
1974,Male,40,168821.0,0.36,Executive,4,5
738,Male,64,125510.0,0.06,Healthcare,3,3
1256,Male,70,56432.0,0.23,Engineer,0,5
103,Male,67,98000.0,0.59,Artist,0,3
435,Male,59,169999.0,0.38,Engineer,5,5
75,Male,59,89000.0,0.47,Artist,0,4
1792,Female,55,106153.0,0.62,Artist,10,1
1235,Female,59,158372.0,0.98,Artist,1,1
919,Male,90,89667.0,0.69,Artist,0,2
1712,Female,54,95734.0,0.39,Homemaker,8,7
1671,Male,92,188984.0,0.69,Lawyer,1,4
1621,Male,16,100939.0,0.34,Healthcare,7,6
763,Male,64,93000.0,0.67,Lawyer,0,2
990,Female,17,109759.0,0.96,Artist,9,3
389,Female,26,117454.0,0.08,Healthcare,16,2
236,Female,29,62000.0,0.34,Healthcare,0,4
1507,Female,9,173233.0,0.18,,5,1
268,Female,78,36000.0,0.79,Artist,0,3
1188,Female,55,71322.0,0.54,Entertainment,1,6
118,Female,49,79000.0,0.59,Artist,0,2
1607,Female,34,56492.0,0.15,Homemaker,8,1
674,Female,13,180786.0,0.88,Lawyer,1,5
250,Female,89,65000.0,0.0,Engineer,0,5
1453,Female,43,132701.0,0.7,Healthcare,5,2
1995,Female,19,54121.0,0.89,Engineer,6,3
95,Female,32,24000.0,0.42,Artist,0,1
34,Male,18,62000.0,0.92,Homemaker,9,7
1464,Female,83,125660.0,0.19,Engineer,10,4
1668,Female,9,146950.0,0.92,Doctor,6,5
449,Female,12,108027.0,0.64,Artist,13,5
717,Female,31,53802.0,0.32,Artist,1,7
1810,Female,15,156339.0,0.27,Homemaker,6,2
1518,Male,40,156411.0,0.7,Artist,6,5
1,Male,19,15000.0,0.39,Healthcare,1,4
1376,Female,78,132983.0,0.67,Healthcare,7,7
1102,Male,70,67874.0,0.41,Entertainment,9,3
1109,Female,30,139758.0,0.46,Lawyer,0,6
1227,Female,87,177260.0,0.45,Entertainment,14,2
83,Male,67,120000.0,0.41,Artist,8,1
1289,Female,98,51866.0,0.81,Artist,12,7
677,Female,57,87553.0,0.94,Artist,1,1
1921,Male,46,137973.0,0.5,Healthcare,7,7
1047,Male,28,146597.0,0.31,Engineer,1,4
771,Male,78,54252.0,0.29,Engineer,0,5
1947,Male,96,126225.0,0.47,Engineer,7,4
1281,Male,43,98016.0,0.18,Healthcare,9,6
1581,Male,55,148875.0,0.99,Artist,0,4
1489,Female,97,94629.0,0.17,Marketing,6,3
405,Male,79,166335.0,0.45,Engineer,5,5
1728,Male,62,185257.0,0.58,Artist,1,4
1299,Male,34,76979.0,0.46,Lawyer,1,3
1341,Female,23,127971.0,0.56,Artist,1,5
105,Male,49,86000.0,0.56,Healthcare,10,2
689,Female,3,126015.0,0.57,Healthcare,0,1
1306,Female,45,177368.0,0.96,Healthcare,1,2
827,Female,4,75853.0,0.4,Homemaker,4,5
63,Female,67,50000.0,0.52,Lawyer,0,3
853,Female,0,121926.0,0.41,Lawyer,7,1
1354,Female,88,172369.0,0.8,Artist,6,6
224,Female,93,93000.0,0.37,Healthcare,1,5
146,Male,28,26000.0,0.97,Marketing,8,5
1089,Female,10,162076.0,0.78,,0,3
374,Female,48,167232.0,0.92,Doctor,6,4
1421,Female,85,149969.0,0.78,Executive,0,6
1143,Female,57,143021.0,0.03,Executive,5,4
1827,Female,91,134665.0,0.66,Artist,7,2
1495,Female,48,157003.0,0.45,Engineer,5,4
1602,Female,71,152910.0,0.9,Artist,1,6
1271,Male,23,65641.0,0.5,Entertainment,4,5
10,Female,30,98000.0,0.72,Artist,1,4
450,Male,7,176349.0,0.8,Healthcare,8,2
709,Male,47,66308.0,0.08,Executive,0,4
256,Male,59,85000.0,0.49,Lawyer,4,2
883,Female,30,59284.0,0.38,Doctor,7,7
390,Female,18,86203.0,0.23,Doctor,13,1
909,Male,16,172601.0,0.5,Marketing,4,6
925,Female,70,62901.0,0.6,Artist,8,5
1704,Female,18,53812.0,0.32,Homemaker,9,5
1233,Male,41,156014.0,0.49,Doctor,14,5
461,Female,47,124072.0,0.56,Lawyer,0,7
1270,Female,71,74696.0,0.41,Doctor,1,6
1760,Male,62,182631.0,0.52,Artist,5,3
1169,Female,52,119567.0,0.19,Artist,5,2
959,Female,81,111174.0,0.48,Entertainment,9,6
502,Male,68,72352.0,0.61,Healthcare,8,5
740,Female,88,92914.0,0.74,Artist,0,3
1850,Female,52,133252.0,0.55,Artist,1,1
869,Female,57,57337.0,0.14,Healthcare,1,4
732,Male,8,119780.0,0.71,Healthcare,1,3
540,Female,84,151340.0,0.95,Artist,1,7
1202,Male,89,100155.0,0.05,Healthcare,6,1
698,Female,31,138612.0,0.71,Executive,9,2
1393,Male,5,112884.0,0.43,Healthcare,0,6
1377,Male,72,149092.0,0.39,Engineer,8,1
1146,Female,13,104512.0,0.4,Marketing,9,3
1032,Male,74,147449.0,0.16,Artist,1,5
373,Female,28,178265.0,0.05,Lawyer,2,1
668,Female,59,156880.0,0.7,Artist,0,7
1526,Male,69,143987.0,0.87,Healthcare,10,5
358,Male,20,184324.0,0.51,Marketing,13,5
968,Female,5,169702.0,0.98,Doctor,5,1
784,Female,95,117763.0,0.42,Artist,1,2
736,Female,69,120752.0,0.27,Executive,1,6
1036,Female,35,165772.0,0.51,Healthcare,1,4
971,Male,31,188620.0,0.3,Artist,3,6
1525,Female,99,150782.0,0.18,Executive,8,2
1487,Female,63,184830.0,0.6,Doctor,9,3
1524,Male,28,157383.0,0.13,Lawyer,8,2
1491,Male,94,119189.0,0.57,Artist,9,3
1643,Female,78,91213.0,0.84,Lawyer,3,5
1253,Female,8,186682.0,0.86,Entertainment,1,1
1694,Female,51,69388.0,0.33,Engineer,3,4
1750,Female,33,150823.0,0.75,Artist,4,1
1237,Female,38,145704.0,0.82,Marketing,0,4
886,Male,5,78274.0,0.65,Artist,9,2
80,Female,49,98000.0,0.42,,1,1
1173,Female,82,184481.0,0.84,Executive,0,2
815,Male,60,150019.0,0.37,Doctor,1,2
1286,Male,84,166737.0,0.76,Artist,0,3
672,Female,93,93991.0,0.49,Artist,1,3
1532,Female,79,122828.0,0.32,Executive,0,5
58,Male,69,8000.0,0.46,Doctor,8,2
134,Female,31,45000.0,0.71,Artist,5,1
1141,Male,72,76888.0,0.26,Marketing,0,1
934,Male,63,172872.0,0.11,Healthcare,0,7
1685,Female,90,113460.0,0.54,Lawyer,1,7
824,Female,2,122698.0,1.0,Entertainment,8,1
1215,Male,21,109373.0,0.22,Entertainment,4,2
505,Female,3,183851.0,0.1,Doctor,1,2
1775,Female,60,174768.0,0.66,Entertainment,9,2
348,Female,99,184426.0,0.41,Artist,9,1
387,Female,20,151124.0,0.18,Artist,15,3
1025,Female,20,146221.0,0.25,Marketing,0,3
895,Female,31,144582.0,0.89,Doctor,1,1
829,Male,28,81545.0,0.36,Artist,4,7
1893,Male,6,125591.0,0.79,Healthcare,8,6
476,Female,28,79968.0,0.45,Lawyer,9,2
1471,Male,25,182292.0,0.78,Artist,7,5
1448,Female,60,128205.0,0.27,Healthcare,6,5
1582,Male,6,107117.0,0.44,Artist,1,3
653,Female,16,189072.0,0.86,Artist,6,3
173,Male,36,79000.0,0.1,Lawyer,0,2
1150,Female,67,138087.0,0.63,Marketing,1,7
39,Female,36,9000.0,0.26,Artist,8,2
714,Male,62,92768.0,0.75,Doctor,1,1
91,Female,68,46000.0,0.55,Entertainment,0,3
1937,Female,14,68009.0,0.17,Artist,9,3
1206,Female,56,86898.0,0.76,Healthcare,0,6
876,Male,97,175996.0,0.42,Entertainment,10,4
1352,Male,88,167112.0,0.34,Lawyer,0,1
1890,Female,19,134644.0,0.96,Executive,1,2
1094,Female,33,67874.0,0.55,Artist,0,2
1156,Male,89,83953.0,0.82,Healthcare,0,3
1782,Female,80,106709.0,0.93,Marketing,10,2
1959,Male,73,142502.0,0.97,Doctor,5,1
500,Male,41,65723.0,0.91,Artist,6,7
339,Female,7,123804.0,0.28,Doctor,14,1
1189,Female,99,122548.0,0.14,,2,5
29,Female,40,18000.0,0.31,Artist,0,1
1218,Male,86,140687.0,0.63,Artist,1,2
1400,Male,2,110889.0,0.95,Executive,1,2
1821,Male,23,75961.0,0.7,Executive,5,7
946,Female,39,58908.0,0.37,Artist,6,6
170,Male,32,0.0,0.63,Artist,2,2
1405,Female,91,53788.0,0.57,Doctor,0,2
1198,Male,82,139008.0,0.47,Artist,1,4
1254,Male,58,105302.0,0.75,Doctor,0,3
1614,Male,24,64738.0,0.67,Artist,0,6
913,Female,29,180401.0,0.23,Engineer,7,6
492,Female,54,144502.0,0.88,Lawyer,3,1
954,Male,29,87014.0,0.71,Doctor,11,4
1098,Male,53,107879.0,0.03,Doctor,1,6
1033,Female,47,83043.0,0.76,Executive,0,1
588,Female,53,86766.0,0.02,Lawyer,16,3
751,Male,37,149103.0,0.03,Healthcare,10,1
658,Male,94,171677.0,0.81,Artist,0,6
235,Female,4,84000.0,0.54,Artist,9,1
733,Female,9,158596.0,0.86,Artist,1,2
1989,Female,54,118944.0,0.77,Artist,4,4
1633,Female,66,99902.0,0.54,Engineer,10,2
1157,Male,31,62925.0,0.24,Engineer,1,6
1470,Female,78,128642.0,0.19,Marketing,5,6
1425,Female,7,137354.0,0.89,Artist,8,7
1628,Male,64,130055.0,0.46,Healthcare,2,1
935,Female,30,182162.0,0.06,Artist,1,3
1210,Female,60,132486.0,0.09,Artist,1,2
1066,Female,80,55792.0,0.3,Artist,1,6
109,Male,68,13000.0,0.43,Healthcare,6,5
1543,Male,90,182910.0,0.86,Entertainment,0,1
569,Female,2,101451.0,0.82,Healthcare,4,3
1168,Female,44,185550.0,0.54,Artist,0,1
1175,Female,16,60044.0,0.83,Artist,4,1
891,Male,67,94199.0,0.71,Artist,5,7
948,Female,45,135174.0,0.39,Artist,9,4
1049,Female,22,163585.0,0.49,Artist,9,5
1353,Female,87,184639.0,0.12,Doctor,1,6
1778,Male,34,134882.0,0.61,Artist,10,3
1447,Male,63,126380.0,0.9,Artist,6,1
885,Female,88,171362.0,0.9,Executive,6,4
1673,Male,58,87923.0,0.19,Entertainment,0,5
851,Male,69,186655.0,0.32,,7,2
735,Male,38,99964.0,0.11,Healthcare,7,4
718,Female,17,103739.0,0.62,Healthcare,6,4
455,Female,8,60790.0,0.38,Artist,1,5
265,Female,37,79000.0,0.1,Homemaker,1,7
76,Male,26,49000.0,0.54,Homemaker,0,3
1658,Female,47,69024.0,0.03,Healthcare,4,5
445,Male,7,70749.0,0.86,Artist,13,3
396,Male,78,184736.0,0.52,Lawyer,13,1
177,Male,58,29000.0,0.15,Engineer,11,1
1043,Female,46,171921.0,0.5,Artist,1,6
1736,Female,92,136531.0,0.76,Engineer,1,4
1402,Male,99,139685.0,0.2,Healthcare,1,4
1381,Female,21,123904.0,0.91,Artist,7,5
596,Female,52,70302.0,0.88,Executive,14,3
62,Male,19,50000.0,0.55,Artist,9,2
1297,Female,18,180956.0,0.74,Artist,2,2
873,Female,43,185900.0,0.8,Homemaker,9,4
1490,Female,97,167558.0,0.99,Artist,4,7
1879,Female,71,91823.0,0.74,Artist,1,4
279,Female,74,78000.0,0.12,Engineer,9,3
37,Female,42,14000.0,0.17,Doctor,5,1
1976,Female,41,128960.0,0.43,Executive,9,4
663,Female,3,117638.0,0.95,Healthcare,2,7
1954,Female,42,184844.0,0.24,Entertainment,6,1
1445,Female,59,81702.0,0.27,Marketing,6,4
978,Male,18,129260.0,0.11,Doctor,1,3
1572,Female,57,81802.0,0.29,Homemaker,9,1
739,Male,19,101799.0,0.49,Engineer,1,1
192,Female,32,98000.0,0.69,Artist,8,2
920,Female,56,98980.0,0.65,Engineer,0,1
457,Male,1,187297.0,0.07,Artist,0,1
676,Male,1,92674.0,0.59,Artist,8,4
761,Female,25,51700.0,0.17,Healthcare,4,6
1808,Female,31,181773.0,0.4,Healthcare,8,1
1603,Male,1,114556.0,0.64,Entertainment,0,7
729,Male,75,145528.0,0.61,Healthcare,1,2
413,Female,65,86509.0,0.88,Artist,0,4
1099,Male,92,79531.0,0.04,Artist,1,1
826,Female,67,93176.0,0.25,Artist,4,1
1640,Female,32,123246.0,1.0,Homemaker,8,6
617,Female,55,165501.0,0.47,Artist,10,4
115,Female,18,97000.0,0.48,Executive,0,3
418,Female,36,124614.0,0.25,Artist,8,5
1911,Male,32,184408.0,0.38,Entertainment,6,7
970,Female,98,109061.0,0.41,Engineer,6,1
605,Female,94,85265.0,0.68,Executive,7,6
1919,Female,11,152765.0,0.17,Healthcare,8,1
90,Female,50,56000.0,0.46,Doctor,0,2
849,Female,66,132951.0,0.26,Healthcare,4,1
1520,Female,63,106691.0,0.79,Healthcare,9,3
1918,Female,0,73128.0,0.74,Artist,7,5
754,Female,14,50396.0,0.46,Lawyer,0,6
499,Male,95,121725.0,0.03,,12,3
1277,Female,95,67227.0,0.3,Artist,1,7
1326,Female,6,76164.0,0.83,Artist,6,2
12,Female,35,93000.0,0.99,Healthcare,4,4
397,Female,87,70419.0,0.69,Homemaker,6,4
285,Female,33,67000.0,0.11,Healthcare,0,1
1067,Male,45,73892.0,0.45,Doctor,1,4
1192,Female,93,62590.0,0.43,Artist,9,6
1745,Female,93,74467.0,0.33,Lawyer,5,1
691,Female,3,127172.0,0.68,Healthcare,1,2
1753,Female,22,153024.0,0.91,Artist,10,7
1876,Male,30,94480.0,0.01,Executive,0,4
690,Female,13,156951.0,0.66,Healthcare,4,7
852,Female,62,111859.0,0.86,Healthcare,6,1
160,Female,30,86000.0,0.73,Artist,3,3
896,Female,84,93288.0,0.6,Artist,10,6
1576,Male,55,63683.0,0.34,Healthcare,3,1
258,Male,79,73000.0,0.96,Homemaker,6,7
336,Female,32,112246.0,0.3,Healthcare,8,3
1880,Female,24,173091.0,0.24,Entertainment,6,2
1040,Female,49,142566.0,0.77,Artist,1,7
516,Female,37,148196.0,0.91,Artist,0,2
1349,Female,83,52590.0,0.03,Healthcare,0,4
1016,Female,32,100890.0,0.6,Entertainment,4,4
769,Female,25,106569.0,0.84,Engineer,1,3
1747,Male,49,91290.0,0.44,Healthcare,7,7
762,Female,4,106816.0,0.49,Artist,7,5
1247,Female,44,177513.0,0.81,Lawyer,1,5
1204,Female,1,106841.0,0.69,Entertainment,0,3
1468,Female,65,75685.0,0.19,Marketing,7,3
1984,Female,52,55395.0,0.41,Marketing,10,1
522,Female,9,57272.0,0.6,Engineer,1,1
23,Female,46,42000.0,0.05,Artist,13,2
357,Female,89,115811.0,0.87,Homemaker,11,4
1278,Male,20,161156.0,0.88,Engineer,0,4
1313,Female,39,158638.0,0.78,Healthcare,2,5
1683,Male,83,180887.0,0.59,Entertainment,1,1
341,Female,84,173185.0,0.99,Artist,3,1
432,Male,78,127615.0,0.78,Executive,10,7
474,Male,20,130813.0,0.92,Artist,17,5
218,Female,83,35000.0,0.99,Doctor,8,2
912,Female,19,120215.0,0.46,Homemaker,7,2
1228,Male,44,156823.0,0.42,Healthcare,9,5
1597,Female,79,178576.0,0.51,Executive,5,5
1012,Female,80,125623.0,0.62,Executive,0,4
1950,Male,37,102413.0,0.38,Healthcare,5,5
94,Female,40,31000.0,0.4,Entertainment,1,2
1009,Male,8,151648.0,0.98,Healthcare,8,6
1071,Male,85,117679.0,0.18,Entertainment,1,3
1093,Male,87,141383.0,0.03,,7,5
1915,Female,41,56837.0,0.04,Healthcare,8,4
1309,Male,15,131061.0,0.92,Healthcare,0,7
697,Female,91,51742.0,0.33,Artist,8,3
1828,Male,95,91352.0,0.09,Doctor,7,3
997,Female,17,185843.0,0.36,Artist,4,3
154,Female,38,92000.0,0.76,Artist,2,2
1100,Male,89,63379.0,0.59,Artist,12,7
1719,Female,95,50223.0,0.15,Entertainment,8,1
1998,Male,87,90961.0,0.14,Healthcare,9,2
790,Female,25,66952.0,0.79,Entertainment,1,2
581,Female,89,136037.0,0.01,Marketing,5,1
704,Male,22,114011.0,0.4,,5,7
1213,Female,8,76561.0,0.79,Healthcare,0,1
1296,Male,68,87040.0,0.04,Artist,9,1
1666,Female,2,56782.0,0.1,Artist,9,5
1261,Male,53,145720.0,0.62,Homemaker,12,7
488,Male,66,125024.0,0.25,Artist,0,1
560,Male,0,151298.0,0.89,Artist,0,6
1142,Female,28,116644.0,0.88,Artist,6,3
1120,Female,78,175179.0,0.43,Executive,9,4
802,Male,81,148208.0,0.36,,5,7
513,Male,28,62186.0,0.29,Marketing,0,1
634,Male,91,94576.0,0.9,Artist,0,1
1922,Female,95,126791.0,0.34,Artist,6,4
1788,Female,4,170403.0,0.44,Artist,4,5
1546,Female,93,93964.0,0.8,Artist,4,2
1151,Male,63,147278.0,0.51,Lawyer,0,4
791,Female,84,153465.0,0.11,Lawyer,1,4
117,Female,63,9000.0,0.43,Lawyer,1,1
741,Female,91,162465.0,0.59,Engineer,9,3
1691,Female,31,186334.0,0.37,Artist,0,1
1082,Female,90,138013.0,0.16,Artist,8,7
831,Female,30,109703.0,0.61,Executive,1,1
120,Female,50,87000.0,0.57,Artist,1,2
657,Female,30,148236.0,0.28,Executive,1,1
1908,Male,15,142147.0,0.78,Artist,8,4
636,Female,57,70373.0,0.1,Healthcare,2,6
370,Female,36,87353.0,0.25,Entertainment,1,5
269,Female,34,8000.0,0.76,Entertainment,6,6
656,Male,31,134263.0,0.94,Marketing,1,3
936,Female,68,71467.0,0.81,Artist,5,7
823,Male,26,180702.0,0.21,Entertainment,6,1
867,Female,45,79801.0,0.77,Doctor,0,2
47,Female,50,52000.0,0.55,Artist,0,4
1374,Male,64,186203.0,0.73,Artist,10,5
1709,Female,89,150187.0,0.35,Healthcare,0,5
992,Male,32,130697.0,0.93,Artist,1,2
877,Male,68,102016.0,0.37,Artist,0,4
774,Male,77,93242.0,0.84,Entertainment,0,7
1220,Female,62,175534.0,0.44,Artist,1,6
2000,Male,90,110610.0,0.52,Entertainment,5,2
5,Female,31,38000.0,0.4,Entertainment,2,6
1004,Male,8,74253.0,0.45,Lawyer,1,6
1724,Female,35,52374.0,0.73,Artist,1,1
264,Female,64,13000.0,0.38,Engineer,3,4
1570,Female,41,102543.0,0.54,Artist,7,3
1831,Male,5,160469.0,0.61,Lawyer,8,1
444,Female,0,68761.0,0.16,Lawyer,1,4
1003,Male,33,158335.0,0.45,Healthcare,2,5
1078,Male,95,167578.0,0.66,Entertainment,0,1
838,Male,65,174432.0,0.08,Artist,0,7
1791,Male,17,125471.0,0.48,Engineer,7,1
305,Female,90,117319.0,0.21,Lawyer,1,2
1366,Female,50,117076.0,0.45,Doctor,1,2
1558,Male,25,100964.0,0.96,Marketing,1,6
314,Female,13,64277.0,0.09,Executive,9,4
150,Male,34,90000.0,0.9,Artist,6,3
1149,Female,91,51733.0,0.96,Healthcare,0,5
1214,Female,81,125316.0,0.81,Lawyer,0,6
575,Female,91,60856.0,0.23,Artist,1,6
51,Female,49,88000.0,0.52,Artist,1,2
1553,Female,34,100621.0,0.03,Healthcare,1,1
727,Male,3,67787.0,0.01,Executive,1,6
834,Female,6,146776.0,0.83,Lawyer,1,7
1378,Male,36,163845.0,0.84,Doctor,5,7
1116,Female,30,126306.0,0.44,Artist,0,1
1167,Female,74,76149.0,0.48,Artist,9,6
471,Male,86,98463.0,0.46,Homemaker,10,5
972,Female,59,108675.0,0.57,Artist,4,5
654,Male,27,152717.0,0.15,Executive,1,6
400,Male,13,140950.0,0.77,Artist,15,2
512,Female,48,174109.0,0.96,Entertainment,0,1
321,Male,36,69841.0,0.21,Engineer,10,2
20,Female,35,62000.0,0.98,Artist,0,1
685,Female,54,145679.0,0.35,Artist,0,2
36,Female,21,95000.0,0.81,Healthcare,3,4
903,Female,75,102904.0,0.28,Artist,7,6
1779,Female,63,77259.0,0.11,Lawyer,6,6
828,Male,7,119362.0,0.58,Engineer,8,1
1854,Male,98,125181.0,0.3,Artist,0,7
408,Male,18,103896.0,0.36,Executive,16,4
921,Male,14,124998.0,0.17,Lawyer,1,3
538,Male,57,152267.0,0.92,Engineer,9,5
759,Male,13,129396.0,0.36,Artist,6,6
1905,Male,94,112426.0,0.54,Engineer,9,6
1063,Male,63,131122.0,0.4,Artist,9,6
1200,Male,87,122722.0,0.1,Executive,9,4
246,Female,28,38000.0,0.75,Entertainment,7,2
1417,Male,23,112089.0,0.74,Healthcare,7,7
1128,Male,8,148450.0,0.55,Healthcare,0,6
785,Female,34,115184.0,0.93,Homemaker,1,4
1743,Female,12,89252.0,0.31,Entertainment,0,5
490,Female,60,81934.0,0.81,Healthcare,1,4
155,Female,47,80000.0,0.16,Healthcare,0,4
962,Male,91,189357.0,0.04,Lawyer,7,1
854,Female,11,143047.0,0.42,Executive,1,3
1312,Female,35,144485.0,0.15,Entertainment,0,4
626,Male,78,83599.0,0.12,Healthcare,1,6
686,Male,96,136265.0,0.49,Artist,12,5
1562,Male,86,129914.0,0.92,Artist,1,3
570,Female,91,189974.0,0.37,Engineer,8,1
1909,Male,4,180324.0,0.41,Artist,9,2
18,Male,20,89000.0,0.66,Healthcare,1,6
128,Male,40,4000.0,0.95,Artist,0,2
1347,Male,13,175267.0,0.81,Healthcare,1,4
1280,Female,67,161646.0,0.36,Healthcare,0,2
1969,Female,76,124034.0,0.88,Executive,10,2
928,Male,25,81367.0,0.87,,0,3
981,Male,39,140099.0,0.51,Lawyer,0,7
1965,Male,61,182176.0,0.96,Artist,9,5
191,Female,34,92000.0,0.23,Artist,5,3
1140,Female,43,140876.0,0.9,Entertainment,0,4
993,Male,39,115916.0,0.24,Doctor,13,6
1956,Female,11,181026.0,0.39,Marketing,6,2
1657,Male,5,64484.0,0.1,Homemaker,0,5
607,Female,15,99421.0,0.72,Artist,8,7
181,Female,37,59000.0,0.32,Artist,7,2
302,Male,31,95851.0,0.16,Healthcare,5,2
497,Female,83,93351.0,0.65,Doctor,1,1
1721,Female,41,155881.0,0.22,Lawyer,0,7
1710,Female,45,129455.0,0.14,Lawyer,0,3
1888,Female,77,124995.0,0.66,Healthcare,0,1
1992,Female,97,129444.0,0.96,Entertainment,5,6
518,Female,78,59971.0,0.94,Homemaker,14,7
1985,Female,2,153622.0,0.51,Lawyer,6,6
1070,Male,45,152226.0,0.87,Artist,4,4
477,Male,32,104824.0,0.42,Artist,0,7
158,Female,30,87000.0,0.78,Artist,3,4
1244,Female,20,101941.0,0.18,Healthcare,1,3
1196,Female,59,119833.0,0.38,Doctor,1,2
17,Female,35,29000.0,0.35,Homemaker,9,5
1536,Female,60,99222.0,0.48,Artist,1,6
1073,Male,79,66051.0,0.75,Healthcare,1,7
1972,Male,45,140263.0,0.88,Entertainment,10,5
547,Male,99,164781.0,0.83,Engineer,0,2
1540,Female,92,166163.0,0.87,Engineer,8,5
659,Female,31,189446.0,0.38,Artist,1,6
1626,Female,78,130706.0,0.72,,3,6
1020,Female,99,145777.0,0.94,Executive,1,5
1663,Male,67,172407.0,0.6,Doctor,9,3
1505,Female,86,117203.0,0.83,Healthcare,10,3
960,Male,87,64461.0,0.63,Engineer,4,4
1882,Male,97,156812.0,0.77,Healthcare,0,6
284,Female,63,74000.0,0.2,Artist,1,2
798,Male,33,61986.0,0.77,Executive,0,1
1627,Male,8,74407.0,1.0,Doctor,0,6
226,Female,78,23000.0,0.08,Engineer,1,1
27,Female,45,68000.0,0.32,Healthcare,9,8
1771,Male,66,183339.0,0.39,Artist,7,4
438,Male,76,136259.0,0.14,,0,7
1949,Female,91,142602.0,0.64,Lawyer,7,6
1389,Female,13,140673.0,0.49,Artist,6,7
230,Male,15,94000.0,0.3,Healthcare,7,2
38,Female,30,62000.0,0.73,Healthcare,1,5
750,Male,80,127335.0,0.97,Artist,6,6
1046,Male,40,172378.0,0.39,Entertainment,5,6
1399,Male,16,84003.0,0.68,Artist,9,6
470,Male,13,182410.0,0.22,Healthcare,11,4
1693,Male,83,89819.0,0.59,Artist,4,2
1968,Female,84,115580.0,0.73,Entertainment,8,5
688,Female,52,109425.0,0.46,Engineer,0,1
1844,Female,54,58999.0,0.22,Entertainment,7,3
640,Female,61,143180.0,0.58,Artist,0,5
1713,Male,33,76654.0,0.48,Artist,4,1
1219,Male,1,182927.0,0.55,Healthcare,1,1
1159,Female,3,188557.0,0.04,Healthcare,9,2
1416,Female,54,79925.0,0.3,Healthcare,0,3
1528,Male,73,104826.0,0.36,Healthcare,5,1
1656,Female,96,92100.0,0.23,Artist,9,3
1301,Female,61,146350.0,0.43,Artist,1,3
1823,Female,81,105255.0,0.54,Executive,8,3
801,Female,61,140516.0,0.5,Artist,0,3
1604,Male,0,143455.0,0.62,Healthcare,1,6
161,Female,56,9000.0,0.35,Artist,1,1
957,Female,55,90558.0,0.49,Healthcare,8,2
1187,Female,88,168437.0,0.81,Artist,2,2
822,Female,0,116759.0,0.28,Marketing,7,3
1682,Female,52,165573.0,0.59,Healthcare,0,7
878,Male,16,77902.0,0.67,Artist,1,2
914,Female,40,113739.0,0.93,Artist,5,7
153,Female,44,17000.0,0.2,Engineer,0,2
1871,Male,68,110195.0,0.47,Homemaker,9,2
1777,Male,77,117920.0,0.04,Doctor,10,4
510,Female,17,167060.0,0.47,Artist,1,5
1136,Female,57,73845.0,0.52,Artist,1,7
1251,Female,75,114213.0,0.33,Doctor,9,4
1684,Female,83,142720.0,0.86,Executive,0,1
104,Male,26,52000.0,0.55,Executive,0,5
1446,Female,25,173043.0,0.03,Artist,8,6
1444,Female,31,161211.0,0.1,Lawyer,9,1
587,Female,9,168269.0,0.75,Executive,10,2
1769,Female,82,111077.0,0.55,Artist,9,7
1144,Female,86,145679.0,0.91,Lawyer,9,6
54,Male,59,68000.0,0.6,Entertainment,0,2
152,Male,39,41000.0,0.88,Engineer,0,1
404,Male,13,178989.0,0.46,Doctor,14,3
1943,Female,55,66728.0,0.5,Healthcare,10,5
208,Male,46,93000.0,0.12,Artist,2,1
1895,Female,39,61298.0,0.91,Artist,0,5
1123,Male,13,64572.0,0.71,Artist,1,2
1891,Female,1,130089.0,0.67,Artist,0,5
9,Male,64,97000.0,0.03,Engineer,0,3
1015,Female,76,166245.0,0.13,Executive,7,3
1907,Female,68,53552.0,0.97,Marketing,7,6
1061,Female,53,67916.0,0.82,Healthcare,0,6
453,Female,64,156777.0,0.2,Healthcare,7,2
254,Female,86,72000.0,0.13,Lawyer,7,3
1328,Male,42,53392.0,0.89,Artist,6,4
897,Female,93,88192.0,0.03,Marketing,10,2
1734,Female,79,57039.0,0.34,Artist,2,6
881,Female,29,62475.0,0.24,Artist,6,4
1596,Male,74,164976.0,0.89,Entertainment,0,4
1889,Female,73,180437.0,0.5,Entertainment,1,5
624,Male,79,86235.0,0.52,Artist,0,2
346,Female,78,126599.0,0.84,Lawyer,0,3
1703,Female,69,85401.0,0.1,Entertainment,4,6
263,Female,32,31000.0,0.24,Lawyer,2,3
1635,Male,73,97455.0,0.55,,6,4
1322,Female,28,178285.0,0.91,Artist,4,7
1439,Male,9,130186.0,0.88,Artist,9,7
151,Male,43,30000.0,0.17,Lawyer,0,9
473,Male,97,104582.0,0.5,Healthcare,8,2
641,Female,59,174890.0,0.14,Marketing,3,4
1983,Male,33,137094.0,0.68,Lawyer,4,1
1883,Male,68,51468.0,0.48,Artist,0,3
551,Male,16,58127.0,0.65,Marketing,0,3
1780,Male,38,170019.0,0.38,Artist,7,2
929,Female,95,118575.0,0.1,Entertainment,1,3
489,Female,57,136242.0,0.34,Artist,9,1
1812,Female,35,145654.0,0.22,Executive,6,3
1172,Female,80,90142.0,0.5,Lawyer,1,2
147,Male,48,52000.0,0.36,Engineer,9,2
1705,Female,13,60771.0,0.5,Entertainment,1,7
1929,Male,70,76892.0,0.64,Executive,5,2
403,Male,54,186359.0,0.95,Doctor,13,2
955,Female,25,111379.0,0.93,Artist,0,2
1878,Male,16,150193.0,0.83,Engineer,2,2
660,Male,49,106633.0,0.53,Artist,0,3
1373,Male,81,108759.0,0.6,Artist,7,6
464,Female,16,91358.0,0.11,Entertainment,1,4
1350,Male,33,170959.0,0.75,Artist,0,4
187,Female,54,14000.0,0.24,Lawyer,1,2
1148,Female,89,122707.0,0.64,Homemaker,2,3
1225,Female,62,139588.0,0.66,Executive,0,2
609,Male,12,118041.0,0.77,Artist,9,2
144,Female,32,85000.0,0.87,Lawyer,1,2
752,Male,87,167705.0,0.31,Healthcare,0,7
1535,Female,41,91715.0,0.99,Entertainment,0,3
982,Male,23,67535.0,0.97,Healthcare,7,6
198,Male,32,4000.0,0.74,Artist,1,5
1634,Female,1,165711.0,0.5,Artist,1,2
884,Female,13,141580.0,0.92,Healthcare,0,4
280,Male,68,48000.0,0.73,Healthcare,3,3
294,Female,48,50000.0,0.36,Engineer,6,4
1824,Male,42,51860.0,0.04,Lawyer,4,5
401,Female,55,82285.0,0.35,Engineer,16,1
123,Female,40,97000.0,0.58,Engineer,9,4
1208,Female,26,146028.0,0.33,Healthcare,0,5
203,Female,16,60000.0,0.0,Engineer,6,8
1463,Female,96,105968.0,0.65,Engineer,4,5
836,Female,51,117620.0,0.6,Healthcare,7,6
247,Male,23,0.0,0.96,Doctor,1,3
1440,Female,49,176954.0,0.57,Artist,5,6
1754,Female,8,116858.0,0.67,Artist,5,7
1902,Female,20,131810.0,0.16,Healthcare,5,7
1708,Male,69,79806.0,0.73,Healthcare,0,5
1881,Male,57,102692.0,0.94,Healthcare,0,2
1154,Female,89,151176.0,0.55,Healthcare,1,2
1662,Female,35,164435.0,0.26,Lawyer,1,3
1427,Female,12,63334.0,0.99,Artist,0,6
385,Female,79,143560.0,0.83,Artist,1,3
1759,Female,61,139520.0,0.39,Artist,8,4
855,Female,22,131748.0,0.23,Artist,1,3
1590,Female,58,102205.0,0.24,Artist,1,1
220,Female,59,76000.0,0.61,,9,1
642,Male,66,121377.0,0.19,,7,7
2,Male,21,35000.0,0.81,Engineer,3,3
113,Female,38,71000.0,0.42,Doctor,1,5
699,Male,8,158123.0,0.84,Artist,1,1
1916,Female,18,134752.0,0.47,Engineer,6,5
952,Male,54,51166.0,0.24,Entertainment,0,7
1649,Female,41,118621.0,0.07,Homemaker,0,7
1637,Female,1,141307.0,0.17,Healthcare,1,3
1886,Male,68,129971.0,0.61,Artist,8,3
1411,Female,38,120825.0,0.24,Executive,9,7
1410,Female,12,98532.0,0.52,Doctor,0,6
1534,Male,39,152566.0,0.11,Entertainment,1,7
1292,Male,94,69383.0,0.25,Entertainment,0,2
1809,Male,92,171794.0,0.65,Artist,6,5
442,Male,3,133602.0,0.47,Artist,1,1
1521,Male,26,144832.0,0.42,Artist,5,3
1137,Male,92,89531.0,0.42,Healthcare,6,2
1716,Female,5,142351.0,0.97,Entertainment,0,7
1257,Female,49,136467.0,0.72,Healthcare,3,3
1864,Female,22,88729.0,0.81,Engineer,1,1
1632,Male,53,57248.0,0.66,Lawyer,5,5
1696,Female,18,149915.0,0.94,Doctor,14,1
1398,Male,61,99980.0,0.94,Healthcare,10,1
664,Female,91,159537.0,0.37,Doctor,4,1
1836,Female,19,151382.0,0.38,Lawyer,1,1
1258,Male,60,189945.0,0.2,Engineer,0,5
1774,Female,49,122556.0,0.74,Artist,9,7
1701,Female,8,53306.0,0.98,Engineer,0,2
318,Male,45,183217.0,0.91,Artist,7,2
649,Female,66,178627.0,0.94,Healthcare,1,2
1435,Female,12,84885.0,0.24,Healthcare,6,2
1480,Male,95,70174.0,0.06,Executive,10,6
710,Male,4,141336.0,0.93,Homemaker,2,1
1383,Male,73,173466.0,0.57,Entertainment,10,5
1283,Male,2,175208.0,0.43,Executive,8,4
973,Female,80,177601.0,0.34,Entertainment,0,2
628,Male,35,92227.0,0.08,Lawyer,0,5
633,Male,32,118280.0,0.92,Artist,0,5
1307,Female,83,187643.0,0.03,Artist,1,1
1401,Female,52,82478.0,0.95,Executive,10,1
1409,Female,62,106982.0,0.53,Entertainment,1,7
1249,Female,0,143082.0,0.63,Entertainment,0,7
1953,Female,58,149237.0,0.8,Entertainment,8,6
1255,Female,5,133400.0,0.47,Engineer,0,6
1497,Female,97,172747.0,0.76,Artist,7,2
1372,Male,2,111618.0,0.99,Lawyer,6,5
1530,Female,42,152547.0,0.56,Artist,7,4
1664,Female,9,84781.0,0.14,Executive,1,3
1355,Female,43,124256.0,0.67,Marketing,1,7
1926,Female,0,105935.0,0.46,Doctor,4,5
1901,Female,40,54631.0,0.7,Artist,0,6
1644,Female,83,166650.0,0.99,Healthcare,1,3
1849,Female,75,61393.0,0.65,Doctor,7,5
796,Female,91,172915.0,0.29,Doctor,9,1
646,Female,76,187141.0,0.33,Doctor,0,7
1013,Female,85,104054.0,0.22,Artist,8,4
1840,Female,68,85540.0,0.49,Homemaker,9,1
557,Male,84,117612.0,0.63,Engineer,0,6
682,Male,86,172477.0,0.69,Entertainment,1,3
578,Male,22,162598.0,0.84,Artist,8,3
1110,Female,96,91226.0,0.56,Healthcare,0,5
1267,Female,24,86119.0,0.44,Artist,1,6
1723,Male,44,182748.0,0.58,Engineer,1,7
1184,Female,62,73419.0,0.14,Healthcare,0,1
525,Female,44,186116.0,0.02,Healthcare,8,6
1060,Female,34,139009.0,0.24,Artist,0,4
541,Male,56,162921.0,0.51,Executive,0,4
1195,Female,10,143313.0,0.57,Doctor,4,7
1679,Male,67,89366.0,0.55,Healthcare,9,3
749,Female,41,111174.0,0.28,Artist,4,5
1852,Male,5,145563.0,0.6,Entertainment,9,6
1431,Female,54,119223.0,0.58,Lawyer,10,7
485,Female,69,112838.0,0.34,Healthcare,1,7
1758,Male,0,108169.0,0.24,Executive,10,3
96,Male,24,80000.0,0.52,Artist,10,1
1021,Male,41,119259.0,0.91,Healthcare,1,5
564,Female,34,58979.0,0.03,Entertainment,9,5
1265,Male,53,144489.0,0.1,Artist,14,3
743,Female,43,53832.0,0.56,Entertainment,4,1
864,Female,0,141351.0,0.1,Engineer,0,2
1599,Male,80,112146.0,0.24,Entertainment,0,3
1715,Male,26,176147.0,0.19,Healthcare,0,1
1485,Female,59,113389.0,0.79,Doctor,4,6
892,Female,58,135705.0,0.48,Engineer,8,7
1578,Male,82,121610.0,0.36,Artist,0,5
1039,Male,37,99872.0,0.53,Entertainment,11,3
207,Female,19,55000.0,0.61,Healthcare,0,3
393,Male,21,119116.0,0.3,Artist,17,4
795,Female,0,147719.0,0.86,Lawyer,1,7
871,Male,63,122658.0,0.65,Engineer,6,2
398,Female,8,119104.0,0.41,Entertainment,14,3
767,Male,58,156366.0,0.6,Entertainment,8,1
1842,Male,52,148901.0,0.77,Healthcare,4,4
1242,Male,29,170669.0,0.78,Doctor,9,5
1029,Male,60,167420.0,0.38,Artist,5,2
1793,Male,14,124785.0,0.28,Lawyer,7,2
643,Male,26,154857.0,0.13,Healthcare,0,7
1892,Male,71,149318.0,0.27,Artist,4,1
613,Female,74,101352.0,0.36,Lawyer,0,5
1763,Female,13,61917.0,0.16,Artist,7,2
961,Male,12,109618.0,0.97,Artist,7,3
1571,Male,94,139417.0,0.13,Artist,1,3
726,Female,20,59844.0,0.79,Doctor,0,1
684,Female,29,112240.0,0.95,Entertainment,0,4
99,Male,48,58000.0,0.42,Doctor,1,2
805,Female,67,121528.0,0.92,Healthcare,8,4
1752,Female,14,60175.0,0.6,Executive,9,7
1598,Female,42,72415.0,0.52,Marketing,0,5
407,Female,51,66852.0,0.73,Executive,15,3
503,Female,4,53097.0,0.21,Healthcare,0,7
1072,Male,23,146473.0,0.87,Artist,1,4
1057,Male,47,65207.0,0.81,Healthcare,1,2
930,Female,12,82382.0,0.97,Executive,1,3
780,Male,84,125016.0,0.25,Entertainment,1,7
201,Female,21,40000.0,0.1,Healthcare,0,3
135,Male,20,89000.0,0.05,Engineer,1,2
1052,Male,17,116822.0,0.84,Doctor,1,3
41,Female,65,25000.0,0.35,Artist,4,1
1018,Female,85,134282.0,0.39,Artist,2,5
231,Female,6,93000.0,0.53,Lawyer,8,2
1514,Female,86,98344.0,0.25,Artist,6,6
1797,Female,67,78489.0,0.81,Artist,7,5
379,Female,82,180288.0,0.77,Artist,2,2
289,Female,21,5000.0,0.91,Marketing,0,1
419,Female,78,166492.0,0.4,Homemaker,9,7
1699,Male,9,124125.0,0.91,Artist,1,2
392,Male,1,89144.0,0.01,Doctor,12,2
593,Male,75,178416.0,0.16,Executive,10,7
1523,Female,7,170345.0,0.03,Executive,9,5
1163,Female,18,183071.0,0.29,Artist,7,4
1087,Female,93,63261.0,0.13,Engineer,1,7
1496,Female,53,117123.0,0.23,Artist,9,7
648,Female,77,160351.0,0.77,Lawyer,8,5
1153,Female,87,129972.0,0.97,Executive,1,6
1368,Female,31,149379.0,1.0,Lawyer,0,3
521,Female,41,161896.0,0.49,Entertainment,1,3
1863,Female,17,150778.0,0.35,Entertainment,1,7
65,Male,63,63000.0,0.51,Lawyer,7,2
1837,Female,91,156574.0,0.96,Marketing,0,7
15,Male,37,19000.0,0.13,Doctor,0,1
1181,Female,40,179150.0,0.91,Artist,5,2
1065,Male,23,122712.0,0.21,Marketing,1,1
493,Male,90,63769.0,0.06,Artist,4,2
380,Female,73,165734.0,0.51,Entertainment,0,1
188,Male,28,44000.0,0.68,Doctor,5,3
764,Female,84,144148.0,0.71,Doctor,1,4
217,Male,79,20000.0,0.4,Doctor,6,2
792,Female,1,178214.0,0.17,Artist,1,7
1077,Male,44,73760.0,0.7,Entertainment,1,6
879,Female,15,81138.0,0.86,Healthcare,9,7
338,Female,68,76529.0,0.62,Healthcare,0,2
1773,Female,54,184815.0,0.5,Lawyer,6,3
720,Female,37,145648.0,0.21,Healthcare,7,6
1749,Female,27,170166.0,0.18,Artist,10,4
296,Female,66,69000.0,0.43,Executive,9,3
1726,Female,52,163612.0,0.51,Executive,0,5
1017,Female,99,55972.0,0.83,Entertainment,1,7
1276,Male,11,166361.0,0.59,Engineer,6,4
1751,Male,79,95839.0,0.3,Executive,7,2
1486,Male,30,111690.0,0.73,Entertainment,10,4
456,Female,15,181332.0,0.99,Artist,14,6
1997,Female,91,73158.0,0.32,Doctor,7,7
816,Female,81,53452.0,0.73,Entertainment,1,6
1887,Female,69,104160.0,0.77,Engineer,4,4
270,Female,52,88000.0,0.39,Artist,1,2
996,Male,65,56583.0,0.65,Healthcare,2,3
202,Male,34,85000.0,0.16,Healthcare,9,3
162,Female,29,50000.0,0.83,Healthcare,1,5
1580,Female,96,124550.0,0.46,Marketing,0,3
730,Male,36,173807.0,0.42,Artist,0,2
402,Female,50,91389.0,0.92,Healthcare,11,7
703,Male,41,113998.0,0.26,Healthcare,7,7
1501,Male,40,67768.0,0.15,Doctor,10,6
1846,Female,20,113217.0,0.41,Lawyer,9,1
1796,Female,70,57596.0,0.96,Artist,4,1
1130,Male,52,100261.0,0.1,Artist,1,6
566,Male,54,104854.0,0.67,Healthcare,1,7
1414,Male,43,129782.0,0.31,Entertainment,1,2
1022,Female,1,150174.0,0.59,Artist,2,2
1026,Female,33,84238.0,0.31,Artist,1,2
1412,Female,51,58006.0,0.83,Executive,1,5
1896,Male,75,132993.0,0.55,Entertainment,8,2
1586,Male,72,143169.0,0.58,Engineer,0,4
1105,Female,96,64713.0,0.84,Entertainment,2,7
206,Female,63,10000.0,0.52,Healthcare,8,3
35,Female,49,91000.0,0.14,Lawyer,1,2
776,Female,64,71305.0,0.39,Artist,9,2
509,Female,70,104974.0,0.63,Artist,1,1
1452,Female,97,125731.0,0.41,Artist,6,4
1479,Female,72,63128.0,0.45,Engineer,8,7
1971,Male,55,107099.0,0.89,Executive,4,6
1391,Female,77,147306.0,0.5,Healthcare,6,6
92,Male,18,36000.0,0.41,Artist,1,4
1364,Female,44,131091.0,0.62,Artist,4,1
898,Male,18,62362.0,0.81,Lawyer,7,3
565,Female,51,141416.0,1.0,Healthcare,15,1
1370,Male,97,148493.0,0.42,Doctor,4,7
777,Male,19,85975.0,0.73,Entertainment,0,6
242,Female,65,79000.0,0.17,Artist,0,3
14,Female,24,91000.0,0.77,Lawyer,1,1
316,Male,72,93921.0,0.93,Lawyer,9,2
601,Male,41,76567.0,0.85,Doctor,16,1
388,Female,25,67447.0,0.05,Artist,15,2
1298,Female,83,115517.0,0.82,Healthcare,0,6
167,Male,42,79000.0,0.2,Homemaker,9,3
841,Male,76,90082.0,0.49,Healthcare,1,6
21,Male,35,96000.0,0.35,Homemaker,12,1
647,Female,57,97468.0,0.22,Artist,0,1
1843,Male,81,152602.0,0.91,Entertainment,0,1
1509,Male,19,179269.0,0.93,Entertainment,6,3
1155,Female,34,74358.0,0.6,Artist,0,6
1529,Female,4,181471.0,0.59,Healthcare,10,4
832,Male,38,166697.0,0.39,Marketing,13,4
1268,Female,5,100056.0,0.49,Entertainment,1,3
1591,Female,21,52326.0,0.69,Healthcare,0,2
1900,Male,40,51199.0,0.29,Executive,7,7
563,Female,0,142892.0,0.25,Entertainment,8,1
1952,Male,1,57522.0,0.75,Artist,10,5
687,Female,58,74869.0,0.12,Healthcare,0,3
958,Male,12,187343.0,0.14,Healthcare,6,3
190,Female,36,95000.0,0.85,Artist,4,2
1807,Female,79,123064.0,0.41,Artist,10,4
976,Male,59,97185.0,0.87,Entertainment,0,5
700,Male,64,164675.0,0.65,Executive,0,5
1500,Male,72,166043.0,0.93,Doctor,7,6
1706,Female,69,56398.0,0.75,Entertainment,8,3
511,Female,31,69018.0,0.17,Artist,6,1
1083,Male,79,148286.0,0.77,Entertainment,0,4
475,Female,11,59202.0,0.92,Healthcare,5,4
1585,Female,27,101948.0,0.31,Artist,0,5
857,Male,85,142723.0,0.46,Engineer,0,6
748,Female,54,176885.0,0.1,Entertainment,0,3
253,Female,78,3000.0,0.14,Artist,5,4
22,Male,25,4000.0,0.73,Healthcare,3,4
1338,Male,3,60933.0,0.3,Doctor,8,1
460,Female,5,69443.0,0.28,Doctor,4,6
1185,Female,12,138425.0,0.78,Doctor,11,6
277,Male,16,9000.0,0.88,Executive,7,4
956,Male,5,83704.0,0.82,Entertainment,1,1
1216,Male,96,135042.0,0.12,Artist,0,7
386,Male,83,131574.0,0.97,Artist,1,2
806,Female,30,189369.0,0.69,Healthcare,0,3
1438,Male,21,159572.0,0.42,Healthcare,5,5
1516,Male,15,116204.0,0.16,Engineer,8,2
344,Female,90,149840.0,0.61,Engineer,1,1
770,Male,28,173009.0,0.25,Healthcare,9,6
1333,Female,82,82060.0,0.46,Healthcare,7,1
1686,Male,87,110434.0,0.2,Artist,7,3
131,Male,47,66000.0,0.09,Executive,9,5
1688,Male,81,101073.0,0.67,Executive,0,7
872,Female,62,151836.0,0.13,Artist,0,6
1124,Female,85,92591.0,0.99,Artist,8,2
1397,Female,20,92048.0,0.91,Healthcare,1,1
88,Female,22,55000.0,0.55,Artist,5,2
1483,Female,17,149727.0,0.78,Artist,7,3
331,Male,24,165846.0,0.33,Engineer,0,4
1239,Female,25,88064.0,0.73,Executive,1,5
467,Male,0,186002.0,0.8,Doctor,15,2
122,Female,38,50000.0,0.4,Executive,1,4
1639,Male,90,68138.0,0.18,Healthcare,2,7
1045,Male,75,94129.0,0.27,Healthcare,6,7
1725,Female,34,86154.0,0.17,Doctor,1,2
1096,Female,53,135341.0,0.56,Healthcare,10,2
1131,Female,36,109895.0,0.56,Healthcare,5,2
1295,Female,40,116001.0,0.55,Engineer,1,4
861,Female,83,174159.0,0.22,Lawyer,4,4
1460,Male,71,85908.0,0.85,Entertainment,5,4
1127,Female,74,56848.0,0.41,Artist,5,1
